customer_id,recency,frequency,monetary,R_Score,F_Score,M_Score,RFM_Score,Segment
00a16acd591b4bb112f2e94c7d2f9936,111,1,47.29,4,1,1,411,Potential Customer
00d97ddbc2cafa83bc2412d11da98d88,310,1,130.57,2,1,3,213,Potential Customer
00f539ee95c97870a2a4f261a2d96ba4,188,1,188.97,3,1,4,314,Potential Customer
012938ae26ceaa758b735826636366f8,170,1,267.5,3,1,4,314,Potential Customer
0176d6c1606400bd49c88871e15839bb,526,1,190.4,1,1,4,114,At-Risk Customer
02852e252d0c1cd7bd7e2a33558963c6,305,1,24.1,2,1,1,211,Potential Customer
02a0454551d656a33ab2526c52216dc5,110,1,35.85,4,1,1,411,Potential Customer
02a9194295f0ec290cebf3a0e66c98a4,185,1,47.84,3,1,1,311,Potential Customer
02cb822eec8b6309e7ce715ccea3390d,571,1,86.02,1,1,2,112,At-Risk Customer
03058eb4c0764d7c06ca841cd71ba6f1,418,1,56.78,1,1,1,111,At-Risk Customer
034a67c9a4d321daf61515903eb02063,277,1,96.71,2,1,2,212,Potential Customer
0389344fcfa1b39110fe6943f8abcfad,487,1,48.09,1,1,1,111,At-Risk Customer
03959f8a4aa2ffd6c471d797b3e95055,236,1,177.49,3,1,3,313,Potential Customer
040998babd9231bd6c86f6e85707fa5e,169,1,44.42,3,1,1,311,Potential Customer
047965eae6564b51ea05b945966ec595,53,1,212.89,4,1,4,414,Potential Customer
047c4f9e8ca120c41c8d4a61df722ea2,139,1,102.26,4,1,2,412,Potential Customer
04d5e61e7fce0006c484f168e0b7bfdc,109,1,162.7,4,1,3,413,Potential Customer
0532c16fb3717ba27a99fd5492710144,104,1,27.49,4,1,1,411,Potential Customer
0554357bede8e7adab8e4d3a88652483,75,1,132.81,4,1,3,413,Potential Customer
056bd303752311d2f70fb0b259bca6ee,271,1,162.65,2,1,3,213,Potential Customer
0572b0398e8e296548ecc2ab61f79934,524,1,52.75,1,1,1,111,At-Risk Customer
05812fc855821b2f091461ede3d2a960,116,1,65.92,4,1,2,412,Potential Customer
059f7fc5719c7da6cbafe370971a8d70,314,1,29.75,2,1,1,211,Potential Customer
05c3bc7f2c3c3a45c39595a46c76ad58,108,1,196.43,4,1,4,414,Potential Customer
05ebc27279c0c9082b56bbd6a1441a4b,117,1,278.64,4,1,4,414,Potential Customer
06924cbc5d26492a79fdbadd872430ec,307,1,183.22,2,1,4,214,Potential Customer
069cc8646fca6d760e049d8a4bc0c334,375,1,58.85,2,1,1,211,Potential Customer
06ab0f3fbb09a950709ba3e1562aaa39,227,1,36.0,3,1,1,311,Potential Customer
06d970f4d3006a575508a217a7acb7e5,377,1,191.58,2,1,4,214,Potential Customer
0755ba88bf7e1c270f5a94264b17c603,75,1,109.98,4,1,3,413,Potential Customer
07b49e1f48e3b25898e300705a980b55,61,1,81.28,4,1,2,412,Potential Customer
07e64b2722ddec4df9b603e96def8ede,306,1,186.82,2,1,4,214,Potential Customer
08226425318d264796a7b7e32b9a1bf3,311,1,307.56,2,1,4,214,Potential Customer
085dfaa4e6b6df1552f6830e79e71f3b,324,1,46.0,2,1,1,211,Potential Customer
0879e009db1e47cc3e144dd67b38b4f2,63,1,101.25,4,1,2,412,Potential Customer
09becaeb993ca4d7a5c0ea6eb2afce30,125,1,40.13,4,1,1,411,Potential Customer
0a8bbe8223edbb48f6525d97ee1b1d7d,396,1,103.55,1,1,3,113,At-Risk Customer
0b00caf6f0d239c5bf7d9f992cae22d4,200,1,37.78,3,1,1,311,Potential Customer
0b16ce67087d02bf833c807e82b1992b,232,1,3358.24,3,1,4,314,Potential Customer
0b39d705dbfe16398432a7a048591853,314,1,175.82,2,1,3,213,Potential Customer
0bd6589cc150d21213487c73a45b7d3f,438,1,230.74,1,1,4,114,At-Risk Customer
0c21e6ca6ea55cba835f883bb68350c8,331,1,212.86,2,1,4,214,Potential Customer
0c47b248d221de2c26aa1f823e15264c,189,1,184.03,3,1,4,314,Potential Customer
0d0e3b7a26309a5bd600231c1c103d44,491,1,89.86,1,1,2,112,At-Risk Customer
0d37f2be8271c870f6bceb81e37eb46c,258,1,86.44,3,1,2,312,Potential Customer
0d3fd248b9091835bed29763f4eca9b8,397,1,198.59,1,1,4,114,At-Risk Customer
0d6f688455ee919c000970e75b257731,480,1,50.01,1,1,1,111,At-Risk Customer
0da4c4dfe3d09319f5f1db69f78336fc,399,1,87.82,1,1,2,112,At-Risk Customer
0db0e828827cd9a0e1b73d846c4b346f,115,1,117.96,4,1,3,413,Potential Customer
0e7130b31eb9304b496e9f4bb8223ee3,308,1,45.01,2,1,1,211,Potential Customer
0eaeaa7cd1d73d8b59c4dbe6ce922263,136,1,61.61,4,1,1,411,Potential Customer
0ec5c18a4b6f9da0e3ca912e19bd010c,374,1,131.56,2,1,3,213,Potential Customer
0ef4273145d74465c180b6a9fbb9799b,45,1,1898.61,4,1,4,414,Potential Customer
0f346a2cc84ebb2d52f0759d0acfd030,255,1,118.84,3,1,3,313,Potential Customer
0f6b9fcb5ee53a6b722144800723d9ca,268,1,69.73,2,1,2,212,Potential Customer
0f839c22264d2e9fb3d4b6a650daf524,310,1,83.23,2,1,2,212,Potential Customer
0f9fc4ae62bfcdbcf167260cbf33695e,251,1,45.09,3,1,1,311,Potential Customer
0fc8cc4e3ab31e83bb291698794e0175,305,1,90.76,2,1,2,212,Potential Customer
0fd700c3808e829c7bfd88d2a38e6c6b,494,1,31.95,1,1,1,111,At-Risk Customer
0fedbfc0e3ef4293dd80925871a788a7,339,1,38.09,2,1,1,211,Potential Customer
1003c48609c8afc8a24ddb9305f9d772,151,1,174.97,4,1,3,413,Potential Customer
10bb390c85e1f5ef6067fd407d1ab43d,268,1,95.31,2,1,2,212,Potential Customer
10f16bdcf86ffb64a469edf9cc2994f2,365,1,90.17,2,1,2,212,Potential Customer
116a414505bdc6407434a0ed928a47ad,78,1,51.67,4,1,1,411,Potential Customer
11b404d7080235f5ff52a1c38deb5a98,251,1,67.5,3,1,2,312,Potential Customer
12029efbcd83212db276db34e8d6f802,216,1,126.52,3,1,3,313,Potential Customer
120cfe05591775d14f4852a9080a2663,181,1,131.62,3,1,3,313,Potential Customer
1222383916b5fb69b50cdfc3cdae8d7e,251,1,44.09,3,1,1,311,Potential Customer
122ebc312342fd97b92fca93ee20ac06,551,1,114.86,1,1,3,113,At-Risk Customer
12e316915fbac49913add2f1a53b05f9,363,1,77.57,2,1,2,212,Potential Customer
13488239799b7592c29840772d1eed6a,336,1,118.84,2,1,3,213,Potential Customer
1359d5ea4696eac72d35f45e9fc0eb9e,333,1,260.13,2,1,4,214,Potential Customer
1377de493eac3f735d982ffb1f321083,262,1,102.64,3,1,2,312,Potential Customer
1387e2d23533abc24be58c9b3a1f06b9,471,1,17.78,1,1,1,111,At-Risk Customer
138bb7818dbfc8690e61b143265e7ec9,113,1,142.66,4,1,3,413,Potential Customer
1393ce4aab394aadb6d9df4c59c90363,434,1,104.37,1,1,3,113,At-Risk Customer
13a9b79f16ea8cba4df16a9d6142bd78,487,1,31.75,1,1,1,111,At-Risk Customer
13e0a2bb02a7e89185cb36c53db4473a,214,1,1025.48,3,1,4,314,Potential Customer
13e310ef69a168c6d8876c9f932b6681,211,1,341.02,3,1,4,314,Potential Customer
146136e6e527bf71e6341397154c0777,210,1,489.09,3,1,4,314,Potential Customer
1487098a1d83d17bd6b04c1fbe1aafb7,150,1,112.24,4,1,3,413,Potential Customer
14e7c1d95f38ad5a830549879bd81a50,461,1,253.87,1,1,4,114,At-Risk Customer
1506e4481b5a1dfc5379811a8c98e765,287,1,75.65,2,1,2,212,Potential Customer
152f7f1e31c841edcb2e9d218b90e2af,565,1,106.28,1,1,3,113,At-Risk Customer
154907344d231ce6f9e716b698c8c772,415,1,125.21,1,1,3,113,At-Risk Customer
157475701b1e42fd2f2aa734881452c4,475,1,189.12,1,1,4,114,At-Risk Customer
158f500dc97199224f2b80572814646f,528,1,62.84,1,1,1,111,At-Risk Customer
15c880e1f17fc30eeba82fa03a5446f7,220,1,60.0,3,1,1,311,Potential Customer
15deb9a6467d1cb2dccff0c7eaf99380,255,1,53.8,3,1,1,311,Potential Customer
160f9a3b0e18c6b4a9625d4ac5ca4acb,168,1,57.51,3,1,1,311,Potential Customer
16356f40e7be1ae2120278046fd3f16d,337,1,180.6,2,1,3,213,Potential Customer
1752af45d5caebc15239fd7071e68990,302,1,32.15,2,1,1,211,Potential Customer
17a7ed1c58dffc2bad134c5e67d73393,117,1,67.29,4,1,2,412,Potential Customer
17ace424038c433ea0cbcb88de1eaeb9,299,1,30.0,2,1,1,211,Potential Customer
17d64b0a9652cc1ddb7b1d17ac56b2de,138,1,150.09,4,1,3,413,Potential Customer
1839304e9ec39a3f259a3f6c5e9de0c7,279,1,115.81,2,1,3,213,Potential Customer
18c600236647ceb2919a8f9adc3ab76f,385,1,94.04,1,1,2,112,At-Risk Customer
19d47f016965370c2d298172268390e8,97,1,38.04,4,1,1,411,Potential Customer
1a078bd3687da0e2d34c8eea463b975a,270,1,69.65,2,1,2,212,Potential Customer
1a2ca44429aad2d0351da1b43d8050b3,341,1,103.37,2,1,2,212,Potential Customer
1b5549f559bd802556906046b50d8ae1,187,1,70.81,3,1,2,312,Potential Customer
1c188a043c24a9ba1fb58fab235989c0,212,1,43.95,3,1,1,311,Potential Customer
1c615574e183e74d030daedc373ba3ec,356,1,46.5,2,1,1,211,Potential Customer
1c6279e4d8a3c29eeaa6e9b4a5925143,391,1,106.16,1,1,3,113,At-Risk Customer
1c8e05297f77e1986a2ed0fe0899bc91,563,1,77.75,1,1,2,112,At-Risk Customer
1cbe9451567408725b5ab9c1b6f848eb,288,1,39.78,2,1,1,211,Potential Customer
1cf722ec2d1f484c35c1ecfe752b263d,613,1,154.66,1,1,3,113,At-Risk Customer
1e512c6eb672d5c4b47268752d86060b,147,1,195.63,4,1,4,414,Potential Customer
1e668e04c39d29cce6958efd37f2d56f,496,1,22.72,1,1,1,111,At-Risk Customer
1e7347c98af2c5dd3b24ef197d20e0ce,60,1,67.44,4,1,2,412,Potential Customer
1e9d3655bb1078f29527381ed32c85d4,353,1,80.91,2,1,2,212,Potential Customer
1ef032b4ed8ab648ae7f436aa2c3216d,488,1,420.07,1,1,4,114,At-Risk Customer
1f5b69f5dd7c256aa9a601a4ec353abf,307,1,87.64,2,1,2,212,Potential Customer
1f74cfeeda5e2f4b51ab875fb82748be,596,1,55.46,1,1,1,111,At-Risk Customer
1fa70ec76b78a75a9d0127b26d5095b6,62,1,500.17,4,1,4,414,Potential Customer
2003c2365837ed9b6c7e6ec2780797b3,389,1,902.35,1,1,4,114,At-Risk Customer
202234d67b3c6de086dee7ed4bf9c1ef,347,1,115.31,2,1,3,213,Potential Customer
212f4bd964e2b455d2adaa4370aa4964,186,1,53.15,3,1,1,311,Potential Customer
2268cb48c219a752fc0a039a2c365568,188,1,122.48,3,1,3,313,Potential Customer
228ab556af13cc8f7b268b09008b87f3,263,1,419.0,3,1,4,314,Potential Customer
22ae4a6295e60e8d01f407d37313f0c5,126,1,87.36,4,1,2,412,Potential Customer
23a013f994d227fe094eb1d379891c58,66,1,140.92,4,1,3,413,Potential Customer
23ef610d8b7fac1024a8e4159496b90c,254,1,48.68,3,1,1,311,Potential Customer
24028518ee858cc4f850f074cbfe803c,496,1,89.72,1,1,2,112,At-Risk Customer
2441083db7fffe0d6cff5a89a55fcd76,204,1,546.87,3,1,4,314,Potential Customer
250dfa98c84cdde19347af0428388a8c,200,1,1429.59,3,1,4,314,Potential Customer
256af5f66a15afc03fb926c9bba1a671,250,1,102.84,3,1,2,312,Potential Customer
2586ee19ba02a26fa0a5b76feb616699,472,1,85.14,1,1,2,112,At-Risk Customer
25908700aed5d5339aee809a5c3406cf,136,1,145.79,4,1,3,413,Potential Customer
260653b481f6bb5ec7cfc7650b4c4608,125,1,168.6,4,1,3,413,Potential Customer
2631e2a4ff33ee8258502ceeee2390ab,88,1,97.36,4,1,2,412,Potential Customer
264e92bf199cee82e87af0c8552aaca8,461,1,36.72,1,1,1,111,At-Risk Customer
26e3ce042e5bddb58911af13ca03b165,257,1,21.28,3,1,1,311,Potential Customer
2726ee187e4908c9683ac2a8a0424af1,209,1,347.56,3,1,4,314,Potential Customer
272aac5797624f4ea0d5a2c2003bc5c3,188,1,48.13,3,1,1,311,Potential Customer
273a44129c251f678de4a9fe152d9ed4,530,1,79.62,1,1,2,112,At-Risk Customer
278a2cc7e2e7b90f0b62d57871a86fc3,67,1,55.28,4,1,1,411,Potential Customer
27b295de7abd15ea08c2dcaebb4a3666,182,1,111.61,3,1,3,313,Potential Customer
27dbc23c3d2ed8f7ca9cb534d27d5192,397,1,70.73,1,1,2,112,At-Risk Customer
2839dda95f81b66b4cd7a53b92011890,311,1,66.64,2,1,2,212,Potential Customer
28431c7da08761c1ea2827009796a928,599,1,57.09,1,1,1,111,At-Risk Customer
29c37f46cdc35fd09806f6a826079c47,491,1,114.35,1,1,3,113,At-Risk Customer
29d896af6952f87f4e4416e976985555,310,1,68.49,2,1,2,212,Potential Customer
2a24c9f16ef70dc2ccfe21c729df295d,477,1,40.38,1,1,1,111,At-Risk Customer
2a7538a3a9b5de992de6fda7e4338624,519,1,160.25,1,1,3,113,At-Risk Customer
2a82d7cd3bb6eb87bf2ae493195d4fb3,524,1,104.7,1,1,3,113,At-Risk Customer
2ab985fdf76700a0c77d9ea89e2f3e39,324,1,82.63,2,1,2,212,Potential Customer
2ad63219689e97540b167b3dca7c350a,299,1,147.06,2,1,3,213,Potential Customer
2afc1d604e9a528a86dfc0beae4739c0,121,1,72.92,4,1,2,412,Potential Customer
2aff9d1d67db8b6940220d901a107eae,437,1,117.78,1,1,3,113,At-Risk Customer
2b43f4b26a92cdc2e1b8caa8f70091a5,516,1,240.74,1,1,4,114,At-Risk Customer
2b626729e6d9c7d61d07f623c9602f2f,125,1,262.24,4,1,4,414,Potential Customer
2b94cee0db01f2f34aea7476d561c0a5,37,1,82.06,4,1,2,412,Potential Customer
2ba0552c5032a5bd4164237204912231,172,1,203.82,3,1,4,314,Potential Customer
2ba83772da66cfb788b2130a97f46292,303,1,248.51,2,1,4,214,Potential Customer
2bb888a937b336c2828489c8e5b49e8c,145,1,80.89,4,1,2,412,Potential Customer
2bdf166505bb1203f42b862151e7523c,270,1,46.59,2,1,1,211,Potential Customer
2caed4106ac34123aaa5b6bdcd6fccb4,148,1,125.75,4,1,3,413,Potential Customer
2d5d432f3d019335618910f2def0fbb8,143,1,115.59,4,1,3,413,Potential Customer
2dffab2135e36d25087cad94f4e559ab,622,1,84.52,1,1,2,112,At-Risk Customer
2e668121ef0668b3acd48b081aeca131,363,1,105.71,2,1,3,213,Potential Customer
2eaf0dcbad09cb8f3cda5350c069ea2d,295,1,72.43,2,1,2,212,Potential Customer
2ef3c7de1b6079d40773f9efb4bceab8,380,1,109.99,1,1,3,113,At-Risk Customer
2f36d971005f4a8a072667fa2e5bf407,158,1,112.22,4,1,3,413,Potential Customer
2f4cdad5a9d7f771f5f8998c29e14072,160,1,55.16,3,1,1,311,Potential Customer
3026909b7b21888a53f87fbc65ae6e5f,312,1,70.04,2,1,2,212,Potential Customer
303f121f379bb6c560b404054afe6e60,393,1,131.41,1,1,3,113,At-Risk Customer
3182be8311cafb4d4c8ea0385fea7df3,594,1,50.86,1,1,1,111,At-Risk Customer
323a81cf20fb536503c017cfd5c2d54f,616,1,956.27,1,1,4,114,At-Risk Customer
3277f6dc58d50bc3b50445bc977797a6,70,1,146.88,4,1,3,413,Potential Customer
327950402467e8f955ccce468c81a566,291,1,123.51,2,1,3,213,Potential Customer
32810b0f4b9819d00a42b73956854780,426,1,164.06,1,1,3,113,At-Risk Customer
32b84239e3f3904ac162d832454770c7,159,1,177.01,4,1,3,413,Potential Customer
32d35b37495c90b91603ed706ff912d6,365,1,187.96,2,1,4,214,Potential Customer
32d8612ba54469b3b09b5c9c37accaf4,510,1,40.0,1,1,1,111,At-Risk Customer
32f81dfde34db2ecce57cd3307ebe910,316,1,247.85,2,1,4,214,Potential Customer
3344967f4b85b3546302e472681d552b,76,1,73.49,4,1,2,412,Potential Customer
338073ca588012673d034c0393e58bb0,212,1,67.3,3,1,2,312,Potential Customer
33f94cb672301b24d91aac31b9ff9178,175,1,268.62,3,1,4,314,Potential Customer
33fecdb758ed5ea2baaac2960295590c,77,1,70.97,4,1,2,412,Potential Customer
340525290b9d4ff2e6c145fa85918d39,318,1,48.69,2,1,1,211,Potential Customer
345a376098bc749ca948eda410e404ed,202,1,137.52,3,1,3,313,Potential Customer
3517a15e565f703c87c0086d471b8b8c,309,1,76.02,2,1,2,212,Potential Customer
3517f8cb54ea9365c0af466376685f1f,433,1,156.33,1,1,3,113,At-Risk Customer
352d9d94c26ab1aa2a06d5eabd10f020,147,1,360.34,4,1,4,414,Potential Customer
353aa71e2ad73b4ef96748be41c1b9e0,388,1,76.98,1,1,2,112,At-Risk Customer
355acc2c291066f4d41f954918f11eef,403,1,68.89,1,1,2,112,At-Risk Customer
35b6010ad8b185e27365ae8366cbb76d,422,1,47.6,1,1,1,111,At-Risk Customer
363e4064dfc15766183c22445d40cbf5,46,1,108.72,4,1,3,413,Potential Customer
369e8d5b3fb4177c3c9a6623f408cb1e,303,1,171.49,2,1,3,213,Potential Customer
36efd32104e8b48038e2f4dee07c3935,263,1,117.85,3,1,3,313,Potential Customer
371d4dbc5b397a2d011aeeba1580f194,309,1,65.71,2,1,2,212,Potential Customer
37759c40b80fbd8d2a23a7828107bf7b,336,1,79.56,2,1,2,212,Potential Customer
378645474a773554c43bd3bae5ae7ffa,517,1,51.73,1,1,1,111,At-Risk Customer
382052b8a8ad938d68c48bf1685b9d67,226,1,131.84,3,1,3,313,Potential Customer
384a8d5643cc3e1a4fd8d72ee61c2016,349,1,308.42,2,1,4,214,Potential Customer
38955481fd51ffe551f17d2efdeaf43b,57,1,242.91,4,1,4,414,Potential Customer
3939af43f9b4a4f2342dee7dadf4c1a6,74,1,55.46,4,1,1,411,Potential Customer
396f0d7e58d965bbf8dc3d6c451b6ac9,66,1,649.82,4,1,4,414,Potential Customer
397010ff25567bfea9f77fb921c4d90f,339,1,117.9,2,1,3,213,Potential Customer
39956277e1326a1d59862db252e5c257,48,1,96.96,4,1,2,412,Potential Customer
39b99beee67aed8ae9553366b6f79de5,166,1,124.85,3,1,3,313,Potential Customer
3a2406d64f403959b195e75ca8796bd4,322,1,72.94,2,1,2,212,Potential Customer
3a505956060a57454bb85ec3b62faa9b,203,1,509.2,3,1,4,314,Potential Customer
3a9c4e44b0cfe2c46d1aaa0a035aa6fb,558,1,741.75,1,1,4,114,At-Risk Customer
3ab8672a10d19fb9f15acf498badd19f,526,1,41.14,1,1,1,111,At-Risk Customer
3ac65bf8cf7bea336ad70d583da199cc,50,1,482.22,4,1,4,414,Potential Customer
3b09d6915b73c37f8bb280cdeec605ec,451,1,86.27,1,1,2,112,At-Risk Customer
3b8655cca1d71775f761b6fa2b2bf468,210,1,74.89,3,1,2,312,Potential Customer
3ba35ac5e5254aef087324d19b05e37f,219,1,326.92,3,1,4,314,Potential Customer
3bab702f05af85ee30fa407ed58b70f9,197,1,87.36,3,1,2,312,Potential Customer
3be4ac356c3f5f24bfac0a0a60ad48d0,74,1,99.33,4,1,2,412,Potential Customer
3c39516a1b33d6d890f3d1094267e54e,296,1,639.98,2,1,4,214,Potential Customer
3c88b9a2b62754a92ad6715efb0f7ba6,451,1,356.79,1,1,4,114,At-Risk Customer
3c91ba1942ac3625e57ca5c023ca2305,118,1,161.3,4,1,3,413,Potential Customer
3d42c8bfae4c6c3e3e4736eb7a6895d5,67,1,92.35,4,1,2,412,Potential Customer
3d6fa8d293cda29a0c7ea033b07809d0,71,1,78.44,4,1,2,412,Potential Customer
3d7ded9f88ad6b06bc3f16ef0987fc54,308,1,111.8,2,1,3,213,Potential Customer
3e03d4153f402a107117e6eb0bab7ec8,220,1,60.11,3,1,1,311,Potential Customer
3e66d46ea1ea4b0c41a363bb6d9b7c86,132,1,195.89,4,1,4,414,Potential Customer
3e70cccac729d32f6903f2d33858511f,282,1,178.27,2,1,3,213,Potential Customer
3e8a00a5b4e6ef85bbe42e0c5482070c,315,1,185.84,2,1,4,214,Potential Customer
3ea7697cb679588274ce6d851dec2178,62,1,38.45,4,1,1,411,Potential Customer
3ec01ba0003c6a5bdea2b11f450c05dd,256,1,134.43,3,1,3,313,Potential Customer
3edf1142901dcc868ace8ad17460326e,131,1,18.78,4,1,1,411,Potential Customer
3f0d84bf2d3f467cef7e0c382c08d4ba,306,1,75.8,2,1,2,212,Potential Customer
3f3d6985591aaa8288b1975674698342,197,1,238.01,3,1,4,314,Potential Customer
3fc34478cb8f0427d63b362dfad74f51,68,1,32.24,4,1,1,411,Potential Customer
3fcc800884c4d07dd9b2bef74aa1a767,214,1,245.84,3,1,4,314,Potential Customer
405bdbf40a8beb8cf3492e96a2f9573c,255,1,69.64,3,1,2,312,Potential Customer
405fecd58e25e71c922897446940dbec,120,1,61.69,4,1,1,411,Potential Customer
40e86a3dad650ba87f73f66396ca34ef,608,1,65.05,1,1,2,112,At-Risk Customer
4105eb02085967932bed76c39d8153a0,235,1,136.63,3,1,3,313,Potential Customer
41098815d7b37701fd86f172aa473842,557,1,412.4,1,1,4,114,At-Risk Customer
412cf6a277196304ae7644e7dd05471a,129,1,139.8,4,1,3,413,Potential Customer
412ef0bba96a560e2811cda36c9cc55e,311,1,39.59,2,1,1,211,Potential Customer
416e59b08933168cebeda1fc262a76eb,320,1,41.75,2,1,1,211,Potential Customer
41a16488effb86580d7a89f8aa19a03b,322,1,52.15,2,1,1,211,Potential Customer
4275510de6637b903e69994771170784,607,1,125.53,1,1,3,113,At-Risk Customer
4283d1b5347631ecbabf42b4e91e9300,583,1,100.43,1,1,2,112,At-Risk Customer
428f696c9a8641d3e9a0ec0febd9a4bd,89,1,66.15,4,1,2,412,Potential Customer
42d417a2a29a4bff0208fb79bce1320f,196,1,142.1,3,1,3,313,Potential Customer
43680df360ed4620c0970b131aefdc8f,377,1,57.68,2,1,1,211,Potential Customer
43f741cb1b58cacd3378be24d6f9c3d9,56,1,69.69,4,1,2,412,Potential Customer
4479c24d672d4eb166c60188425da673,300,1,102.23,2,2,2,222,Potential Customer
44afa84249846c6f84c4cef6b933f9e4,442,1,850.56,1,2,4,124,At-Risk Customer
456e88746e116393262f6be40a43224f,258,1,116.26,3,2,3,323,Loyal Customer
457e255722e958032b50ff72dd15a4e0,591,1,90.17,1,2,2,122,At-Risk Customer
45b25874ff6ec2e66c207386ac05c802,208,1,55.4,3,2,1,321,Loyal Customer
45d711af86c5e3676f29317484cf200f,544,1,101.92,1,2,2,122,At-Risk Customer
4607f26eeadd0411d23ce49fa7f6c745,294,1,108.86,2,2,3,223,Potential Customer
4626deb1d6528b9fe2ff75fd889f27c2,120,1,42.13,4,2,1,421,Loyal Customer
465ad6320083538da0108d17efef1988,294,1,315.84,2,2,4,224,Potential Customer
467ee3ac57bff4d98e3aa47e98f187fc,402,1,29.84,1,2,1,121,At-Risk Customer
46a2b8ea7034da1afc0b9999cd33d679,61,1,83.73,4,2,2,422,Loyal Customer
46eb0a46c1f4b94323047849aa20e7d6,332,1,87.36,2,2,2,222,Potential Customer
47729014fea93d77963794163d157644,589,1,131.34,1,2,3,123,At-Risk Customer
478017e895fad878b3b74d8d6dce1d22,173,1,103.16,3,2,2,322,Loyal Customer
478a458191801f508d150b40e8dfa5cb,318,1,160.03,2,2,3,223,Potential Customer
47b0f9a44d1904590dd06ebe72bd3723,386,1,86.15,1,2,2,122,At-Risk Customer
490505ada88798841420c07dca1e4c39,141,1,172.03,4,2,3,423,Loyal Customer
492275f120fd0402e55df89dafa24276,311,1,27.77,2,2,1,221,Potential Customer
49474459ede7f8da6d91842919d03b77,301,1,195.03,2,2,4,224,Potential Customer
49b51777c902c07945d0bbf6f1ccd2cc,69,1,41.0,4,2,1,421,Loyal Customer
4a068788cb64b9a1e8a4fd2502ee19db,299,1,111.73,2,2,3,223,Potential Customer
4a4f8033b4e440d8337404aa4086daaa,272,1,76.72,2,2,2,222,Potential Customer
4a87a0eb95dfb921f88334b7873d9410,65,1,174.13,4,2,3,423,Loyal Customer
4ae3b1e0d62d3d1563a8b800d1c1d14e,107,1,164.96,4,2,3,423,Loyal Customer
4b14bf7f9a0fd13d8e7073cd3de6b3e7,308,1,57.5,2,2,1,221,Potential Customer
4b3cccf1f324abe3aecf89ef1ce2ce2e,277,1,118.17,2,2,3,223,Potential Customer
4b44972085bda435123999dab7212346,426,1,31.75,1,2,1,121,At-Risk Customer
4b56a0ddb5f1d77d435869636216210f,564,1,331.02,1,2,4,124,At-Risk Customer
4b7cc6a668f938434efccce03496ea7c,557,1,319.53,1,2,4,124,At-Risk Customer
4b8aa85bd0844a2cfa46261b1afd9386,285,1,123.21,2,2,3,223,Potential Customer
4b9966a134d8d1dc47d327095a63ece9,202,1,80.98,3,2,2,322,Loyal Customer
4ba02b06cb8d9a5be5e34902fe02eb62,414,1,512.46,1,2,4,124,At-Risk Customer
4bcc37ebec377d9568249fe87c94f00f,595,1,151.18,1,2,3,123,At-Risk Customer
4be9ed1bb341f4f406134d6a15088db6,307,1,39.6,2,2,1,221,Potential Customer
4c05603dd6bd8a1afa59f2684620ffd4,264,1,159.7,3,2,3,323,Loyal Customer
4ca13991254732af64a40137aec89be0,180,1,93.37,3,2,2,322,Loyal Customer
4cf07d342b8b351f1203c36146dd792f,318,1,120.17,2,2,3,223,Potential Customer
4cf7ca82e6a8dce7f133a986b20e82e0,407,1,48.01,1,2,1,121,At-Risk Customer
4d5d0a06d01ebc9cfeeefb7201a8d312,439,1,70.63,1,2,2,122,At-Risk Customer
4d62a25334b6a4ea711e744217f4e274,61,1,98.45,4,2,2,422,Loyal Customer
4d698df81acf0709e8e4390d821431f9,60,1,27.39,4,2,1,421,Loyal Customer
4e3549d2f9522097f6b465f8c5df340f,74,1,28.7,4,2,1,421,Loyal Customer
4e8206cfd9d078fe620c0da3fc2ddd7c,311,1,172.67,2,2,3,223,Potential Customer
4e911c5f3035b48107c98b60f7b7c849,353,1,46.05,2,2,1,221,Potential Customer
4f1e6c4e24277aeb870b2314b86224d9,250,1,62.78,3,2,1,321,Loyal Customer
4f482d99f4056116c5c9fea55a63bc86,475,1,171.85,1,2,3,123,At-Risk Customer
4fc9e35cc1c1237488346652e2487231,543,1,1575.05,1,2,4,124,At-Risk Customer
4ffb336c1ec482582982fbbeaa7d94fc,275,1,346.59,2,2,4,224,Potential Customer
5032ecd958a19df06ff0623d8ef712a1,454,1,68.89,1,2,2,122,At-Risk Customer
50aaed44e9c8129beddba50bf99c232a,62,1,670.77,4,2,4,424,Loyal Customer
5263febf1413e9a60ceb7b842008b7ef,722,1,406.92,1,2,4,124,At-Risk Customer
52758a7e9c19299fdcbdbfd4d7d883cb,485,1,75.08,1,2,2,122,At-Risk Customer
527f94af22a69f6595cd35b3b09d2019,53,1,205.51,4,2,4,424,Loyal Customer
529466a3f8698370a8c824b088a9ba07,289,1,44.69,2,2,1,221,Potential Customer
534a35b633f86d450cc51643df986b20,147,1,42.11,4,2,1,421,Loyal Customer
5397164e3d29e792856b4e9e8d80a69f,171,1,189.66,3,2,4,324,Loyal Customer
540b9cf91ccba6db4e12ffb269c5a2c0,424,1,32.0,1,2,1,121,At-Risk Customer
542c3d356022131cf2dec11c24abba30,279,1,63.33,2,2,2,222,Potential Customer
54537c7b19c52766510964c6173013f8,403,1,165.79,1,2,3,123,At-Risk Customer
54a636900ab95a176a1c2d46290608e4,551,1,192.56,1,2,4,124,At-Risk Customer
550fc4a83290572e965f77f8c53913b4,515,1,219.89,1,2,4,124,At-Risk Customer
5512f32e517ea091e4410f66504dad30,251,1,33.62,3,2,1,321,Loyal Customer
55542e8fcf627ac213a34c15ad1632a7,306,1,63.76,2,2,2,222,Potential Customer
55761211ed951c99bab19617dad3e33b,165,1,260.23,3,2,4,324,Loyal Customer
559bf7f8a3667fd2f4d0e4fd701d1678,264,1,174.04,3,2,3,323,Loyal Customer
568f8c7d0e1e623a8dae413108936afb,304,1,240.68,2,2,4,224,Potential Customer
571f9e60ad9942db4d49ea1a37343445,312,1,120.91,2,2,3,223,Potential Customer
572b683cea71aeb651b0429d41d15009,236,1,962.52,3,2,4,324,Loyal Customer
57706311eaa9567de77ec5cd329eeb7f,213,1,171.38,3,2,3,323,Loyal Customer
577c74c217aca976789bb195b3f57b20,160,1,186.04,3,2,4,324,Loyal Customer
578614f14310499cb4a29f5a87ceab56,385,1,148.15,1,2,3,123,At-Risk Customer
57a3f8414e6e936ee0d8026db6f83715,51,1,70.49,4,2,2,422,Loyal Customer
582762f6f5415d10a1513f9fd9c074a8,218,1,46.54,3,2,1,321,Loyal Customer
588a6c2298f57752c9458dd79c675f36,146,1,159.03,4,2,3,423,Loyal Customer
58c80172465a0843a5a1873a6fd21061,187,1,67.36,3,2,2,322,Loyal Customer
58eef387307ca6f5acbe151dbd4d1b10,565,1,114.79,1,2,3,123,At-Risk Customer
59168d27c5da6a50e3d1f03d482e80b2,73,1,161.37,4,2,3,423,Loyal Customer
59441e21de26688f409e5f0bc9aac3b5,172,1,57.29,3,2,1,321,Loyal Customer
59606088131f94d6e5cd764404377a6c,237,1,215.15,3,2,4,324,Loyal Customer
59993ce71f47d61ef6fa01687e8c48e8,321,1,124.54,2,2,3,223,Potential Customer
59dafb756573fabe8b9e507b2c220f69,379,1,200.24,1,2,4,124,At-Risk Customer
59f8f1c3c80bd5f4c57ffbcb291c0307,95,1,67.38,4,2,2,422,Loyal Customer
5a0ed2fa7a5c4f4e5105626fe1b0fe11,439,1,51.5,1,2,1,121,At-Risk Customer
5a47f2e6f5067f6464af63ccab15f589,142,1,954.24,4,2,4,424,Loyal Customer
5aca54e53eab097bf761383641913a4c,371,1,142.92,2,2,3,223,Potential Customer
5ad8b0b80efc45a52eceb54775c616fc,290,1,123.52,2,2,3,223,Potential Customer
5baf161a86ace9dd4f26c0183b4c99b5,104,1,192.32,4,2,4,424,Loyal Customer
5c6a67fc3400c83c6a6e92fdba6600f6,578,1,64.46,1,2,2,122,At-Risk Customer
5caa22731be0c213512d14d62bbd1275,266,1,39.1,2,2,1,221,Potential Customer
5cc51e6ea1924baaac699d04adb7f3f3,321,1,191.93,2,2,4,224,Potential Customer
5d25ae663725ff1ead4d0f72da228aa5,107,1,80.56,4,2,2,422,Loyal Customer
5d3a8bfe360fccb31768010c5a8910b8,108,1,630.28,4,2,4,424,Loyal Customer
5d582f1e23008801810225562c7cc50c,162,1,183.95,3,2,4,324,Loyal Customer
5e1ae27895d0dce5388c6e9529f10840,74,1,32.7,4,2,1,421,Loyal Customer
5e97b06dbf5f662871b9ccbcbad51b62,108,1,717.23,4,2,4,424,Loyal Customer
5e98d1f8f0534c460557d71961a7f10a,353,1,130.88,2,2,3,223,Potential Customer
5f6bf39c32d968a0d4973f5172135f0a,303,1,136.3,2,2,3,223,Potential Customer
5f9ffa50c97b5c99894ca8f4fb0ff5af,475,1,148.45,1,2,3,123,At-Risk Customer
5fee1b2849ca2ad8d845cdb451b6f548,109,1,324.89,4,2,4,424,Loyal Customer
5ffaff7ef372cb9be1247ef069f79fad,304,1,178.49,2,2,3,223,Potential Customer
5ffda919f6e027b6d74388452ec99a18,312,1,65.61,2,2,2,222,Potential Customer
6049d21011689c1e6dc8978c25a3d4b4,249,1,525.46,3,2,4,324,Loyal Customer
606a373040ab8900cd368e44e6a7bb9b,141,1,420.68,4,2,4,424,Loyal Customer
6071409e8ac30d508795f90b547936db,221,1,59.84,3,2,1,321,Loyal Customer
60ba4ae55efbc6dc0e428fc0f1fe0acb,215,1,28.41,3,2,1,321,Loyal Customer
60d8ab975103138567fe656cf30575f4,101,1,43.27,4,2,1,421,Loyal Customer
60e522349ec0aad1a45a13c48749d0f2,207,1,74.27,3,2,2,322,Loyal Customer
60fbd8eb60f7c1cc71664ba7e7ea25e1,542,1,33.42,1,2,1,121,At-Risk Customer
6164f45c309a294c6835a4c8dd5ab0a4,60,1,122.23,4,2,3,423,Loyal Customer
61c00670f96298073332498edd20f4f3,182,1,69.32,3,2,2,322,Loyal Customer
61c245c5ac166a54e51ae198d45aaaaf,339,1,64.51,2,2,2,222,Potential Customer
61ca21aafb7110bf6cd2078f01d7a6e5,287,1,64.0,2,2,2,222,Potential Customer
61ffaa693fd37373d7d5e2799cc9c90a,77,1,94.14,4,2,2,422,Loyal Customer
625e0f9079a19e4cc2810a46c5a21457,313,1,257.34,2,2,4,224,Potential Customer
628fc0c76ede71d2eb3890f876ec85b1,402,1,70.54,1,2,2,122,At-Risk Customer
6311a3c1ac4f50b4d94af47a6cd0e20e,191,1,61.32,3,2,1,321,Loyal Customer
6355194d5dd91d52c9e79c84b5ee9774,509,1,152.39,1,2,3,123,At-Risk Customer
6367c0ca26953cf2b4ea34ba53295dc9,244,1,86.73,3,2,2,322,Loyal Customer
63c87c47825c57a0d05099f814831e9e,80,1,54.44,4,2,1,421,Loyal Customer
63f88c298f90fa0472a1c82af364fb5d,263,1,106.38,3,2,3,323,Loyal Customer
63fe2f57f250fb9bf39a4180e871c24b,103,1,175.54,4,2,3,423,Loyal Customer
6441eb0c7137d32b8796372cda922818,136,1,109.75,4,2,3,423,Loyal Customer
6448c12f349af04cc3598f3d5672bca4,478,1,152.38,1,2,3,123,At-Risk Customer
644ae863876b9e39b3a43d8672980962,236,1,350.18,3,2,4,324,Loyal Customer
6478395c7e1bcbf3c7ee65a18ddcbbc0,264,1,101.25,3,2,2,322,Loyal Customer
647f7b98a4084aa9683a4c475e893689,77,1,74.83,4,2,2,422,Loyal Customer
64bd17035b8606fc6f536bf2f1ce7cf3,77,1,181.66,4,2,3,423,Loyal Customer
64d518d107bd6985494581f424c610e8,215,1,285.63,3,2,4,324,Loyal Customer
6504a3bcc28696d5f441fa1ff7779e06,160,1,219.08,3,2,4,324,Loyal Customer
6645b9283b1f5f504d00cce41870864f,253,1,437.19,3,2,4,324,Loyal Customer
669e56d17b7df023ff7559d3c8484222,196,1,181.95,3,2,4,324,Loyal Customer
66af0dad10050ee5122fc1b0de8b0e3c,235,1,199.14,3,2,4,324,Loyal Customer
66e142543f92067ea3bd1f529c570aac,384,1,203.34,1,2,4,124,At-Risk Customer
66e7c2bd54aca2f9dfed7187ef360506,379,1,150.47,1,2,3,123,At-Risk Customer
672612210e5061344b84fd4bf0028b86,434,1,164.7,1,2,3,123,At-Risk Customer
6739c6c4a0a27db63e15c9c5a31d159a,66,1,174.84,4,2,3,423,Loyal Customer
67546a73c9ca51d064c316a7fb0c7c05,114,1,90.46,4,2,2,422,Loyal Customer
6767bbfe747b0ea4c29acafe65ced23f,298,1,85.24,2,2,2,222,Potential Customer
679b6663d92f901171c7d9544094fbc3,213,1,51.84,3,2,1,321,Loyal Customer
67b040308c4180844a54dea16ef1c5eb,181,1,171.87,3,2,3,323,Loyal Customer
67cddce6a950f9af839be8e688f9f287,381,1,24.75,1,2,1,121,At-Risk Customer
67ec51af7454dc3c8a271b5d9d80644e,63,1,195.54,4,2,4,424,Loyal Customer
67f09d85ed01fef44ba9733eb5d9df59,350,1,417.55,2,2,4,224,Potential Customer
67f15431bdbe78ead5de2c265f2c0a5c,263,1,36.77,3,2,1,321,Loyal Customer
6957a0b44d49ff48e3bb939fe3432f41,100,1,343.37,4,2,4,424,Loyal Customer
6982d29c7336cb81ba41937fbf3660b1,72,1,239.34,4,2,4,424,Loyal Customer
69ad2710e68c0c7cbd5ed2e76ccf0ada,309,1,157.77,2,2,3,223,Potential Customer
69b9c50c3e920a5ff0fab8e65b4dbaff,140,1,114.31,4,2,3,423,Loyal Customer
69e9a3d06551b6045a19d2e64b746473,241,1,314.26,3,2,4,324,Loyal Customer
6a24075730b9c1400e48548a5cbd2738,543,1,214.65,1,2,4,124,At-Risk Customer
6a2f487e008af5e5bd31858f7a1dc554,310,1,130.06,2,2,3,223,Potential Customer
6a8f01843537891ff93700664ca11c7b,44,1,369.22,4,2,4,424,Loyal Customer
6aa501436836de38051dfc5fce054127,349,1,146.68,2,2,3,223,Potential Customer
6ab2063710261f746ac7ad58c7a8b29c,188,1,43.22,3,2,1,321,Loyal Customer
6ad1ab20e1583a1e1d20961b363df092,615,1,33.36,1,2,1,121,At-Risk Customer
6aef8b4eabee28b90344d0d4611df15d,98,1,395.5,4,2,4,424,Loyal Customer
6b423102b789a5e373332ddd86b8b6a8,47,1,68.32,4,2,2,422,Loyal Customer
6b5d84c6bcb4a5d3df4dcac1f4220140,198,1,24.22,3,2,1,321,Loyal Customer
6b880c481ee7db0c31143fe7cbf8a3fc,356,1,55.09,2,2,1,221,Potential Customer
6bb04633db5504037783390c2aac8a37,523,1,184.39,1,2,4,124,At-Risk Customer
6cb6246c85861518fed147189260bf00,96,1,183.92,4,2,4,424,Loyal Customer
6cb971e55ee3a3e3c2a900e79c450d1c,139,1,155.77,4,2,3,423,Loyal Customer
6cc1f451fe942a13aec5fb3487b8ad1a,153,1,152.73,4,2,3,423,Loyal Customer
6cc413455365a333fd164fb49c642740,514,1,79.07,1,2,2,122,At-Risk Customer
6d75a28d803fef50f764c1623fd87c4b,165,1,77.29,3,2,2,322,Loyal Customer
6d92f68ebcc8f9931a3cf051fde4dc8e,498,1,92.84,1,2,2,122,At-Risk Customer
6e62287af5611e444bfec7acf45c8476,172,1,148.59,3,2,3,323,Loyal Customer
6e9fcf097dd6735e0b0462052b83e936,414,1,106.69,1,2,3,123,At-Risk Customer
6ed21f859629b6586b9b7e8fe98653e6,211,1,363.12,3,2,4,324,Loyal Customer
6f299b8ed3366569b07fdff803f6f691,167,1,223.35,3,2,4,324,Loyal Customer
6f57e98447337541f81aecf5335ed124,229,1,230.1,3,2,4,324,Loyal Customer
6f6e6dbb9f7ed1d2df0645ada4f39565,460,1,156.6,1,2,3,123,At-Risk Customer
700660b5eabe7b1914f0bde53b1f7d2d,216,1,37.9,3,2,1,321,Loyal Customer
704524826c3b6ea14cea19ba0c11ec4e,136,1,72.65,4,2,2,422,Loyal Customer
706cb4fa45140c2466f192e6d449f656,217,1,23.72,3,2,1,321,Loyal Customer
70868ddda788fcb4c2b9f49958ce130e,181,1,181.62,3,2,3,323,Loyal Customer
70888a8bc0e96010afbef708b3fcf950,283,1,310.67,2,2,4,224,Potential Customer
715afa7e9686768e6db93aeca9998020,244,1,47.62,3,2,1,321,Loyal Customer
7162b072ae82b7b6161abea798d5909b,146,1,127.69,4,2,3,423,Loyal Customer
7186174ecd4121c35219e1874fc4eb48,119,1,91.39,4,2,2,422,Loyal Customer
72716c2ef0c1dd56d24fd84dc05a52c4,116,1,108.11,4,2,3,423,Loyal Customer
72c845f0388f7f571639e5bea61a061a,562,1,63.09,1,2,1,121,At-Risk Customer
73030ce73a719fa299775db21dc5033d,195,1,56.22,3,2,1,321,Loyal Customer
733c183c3f9284e9e1f4886214f1b376,511,1,256.43,1,2,4,124,At-Risk Customer
73c5b90f781d271fe81aad2a4f3fdb09,140,1,25.04,4,2,1,421,Loyal Customer
73c9d97f890b683d4d6b69781918dd9c,226,1,90.88,3,2,2,322,Loyal Customer
73ef39f6e02433d37c9831e22b783924,63,1,37.79,4,2,1,421,Loyal Customer
74359c5e719163f7edb9a3f29ba6fbab,265,1,162.02,3,2,3,323,Loyal Customer
74b207275c96418c3b8cf697b75db94c,189,1,486.86,3,2,4,324,Loyal Customer
74bff367924485ad26b79d31e5623874,337,1,172.3,2,2,3,223,Potential Customer
7511d7ebaabaa2f1e5b75763fac193c9,585,1,124.8,1,2,3,123,At-Risk Customer
75266ba4029d4d8598177c7a906e952a,311,1,79.64,2,2,2,222,Potential Customer
758b633d88b82063db189810084f4ea9,634,1,24.42,1,2,1,121,At-Risk Customer
75c7f286ce3498129e5b1cda16ec5cfe,74,1,143.67,4,2,3,423,Loyal Customer
75cf84d6780222c5fa6285b1a93532cc,556,1,64.01,1,2,2,122,At-Risk Customer
7635534e464209718016b21fd2d2fcc6,317,1,70.95,2,2,2,222,Potential Customer
764c697264e9c98080259f8640b5c49e,311,1,133.48,2,2,3,223,Potential Customer
766d92701a07c57f2b57f01fe97c4405,411,1,43.1,1,2,1,121,At-Risk Customer
769689473aa6afe55f558d59cf032564,78,1,37.83,4,2,1,421,Loyal Customer
769c88c1b9d81bcd01d6061f2392c6d8,565,1,31.9,1,2,1,121,At-Risk Customer
76c0c1cbc865dd70e1225ca35bd5f305,628,1,419.06,1,2,4,124,At-Risk Customer
76cd2cf08209594cbb2241ecde557871,490,1,61.59,1,2,1,121,At-Risk Customer
76dbc1556c66d771e8a6b60c35957e01,353,1,93.52,2,2,2,222,Potential Customer
76dd2e33346ff360e5cf6da8211027fd,349,1,91.77,2,2,2,222,Potential Customer
76e096c68fdf19c14e89397f91d10159,193,1,164.92,3,2,3,323,Loyal Customer
7795e422f21ee2057de57ef0212b4d7a,182,1,277.52,3,2,4,324,Loyal Customer
77ab6ec3ef988005ffe95743990808ee,489,1,152.39,1,2,3,123,At-Risk Customer
782b4c4357dfe07b3677309d0ee61120,186,1,152.51,3,2,3,323,Loyal Customer
784901d3f22212ba0ea67576d2c41ffd,99,1,608.2,4,2,4,424,Loyal Customer
78b3ea1b4db59453eb9231249c2f0d67,422,1,146.15,1,2,3,123,At-Risk Customer
78f0a23ab766cbadc53402d12b7ae0a5,364,1,82.73,2,2,2,222,Potential Customer
796d054417f0f7134531b6af32578643,262,1,320.58,3,2,4,324,Loyal Customer
7a23160efef64877f74d3cf251232702,147,1,71.15,4,2,2,422,Loyal Customer
7a503ab0d71429773305ec84d3461e60,321,1,180.98,2,2,3,223,Potential Customer
7ad350082deddef39b254d465520be10,365,1,142.06,2,2,3,223,Potential Customer
7adeb9ef7256f00660337f5959bcaaf6,290,1,297.07,2,2,4,224,Potential Customer
7b25189538bd6c13bf9440f0d3214a02,384,1,76.73,1,2,2,122,At-Risk Customer
7b371405c7e0b654edfe362e09d6a0e2,69,1,70.89,4,2,2,422,Loyal Customer
7b63cba66b8e6d002e94d0990c1e2868,311,1,421.65,2,2,4,224,Potential Customer
7ba830bc3eae4eb7b0adeeb505c0ab5a,181,1,50.23,3,2,1,321,Loyal Customer
7beef6c0644f9402eba0252182e1b608,214,1,87.25,3,2,2,322,Loyal Customer
7d05062f79bacb93b8f83d6da8d1a373,546,1,240.6,1,2,4,124,At-Risk Customer
7d2923a34828c8f767f2c6b110ddf4d3,165,1,89.36,3,2,2,322,Loyal Customer
7d643c6504deebe6d2ab830865d71584,327,1,77.57,2,2,2,222,Potential Customer
7dcafa32c64ef39efef03ad0b46d5ac3,240,1,49.09,3,2,1,321,Loyal Customer
7e3e2bba2553232583eb9e5907adc6b7,231,1,35.69,3,2,1,321,Loyal Customer
7e82568d445c615359d582ec7852d3b6,107,1,110.76,4,2,3,423,Loyal Customer
7e9d165149e0c65112e2b9118b8e6378,306,1,50.0,2,2,1,221,Potential Customer
7ea22fc8425fa4430b94860142a7ee0a,309,1,226.86,2,2,4,224,Potential Customer
7eae0e943f8fc8ef273e928ce0b12ffc,348,1,31.75,2,2,1,221,Potential Customer
7ede505a783065ff4f578ce431c6f297,95,1,351.22,4,2,4,424,Loyal Customer
7ef43c3eb0d94e1f5e0a49b2f3bc34a9,581,1,77.42,1,2,2,122,At-Risk Customer
7efa7ba622dbdc7eaa7a51b93203e9e8,457,1,84.23,1,2,2,122,At-Risk Customer
7f194dac460c33b8e5b69366f13b0d42,265,1,114.93,3,2,3,323,Loyal Customer
7f399d641e2e2064470145178c9e8778,501,1,148.15,1,2,3,123,At-Risk Customer
7f7b5099d28accf45603fbc7a9fda452,161,1,44.32,3,2,1,321,Loyal Customer
7f9dc3862d274f80c1c4797924627a7a,268,1,516.73,2,2,4,224,Potential Customer
8037051ea7331452a186d6ce5ea75572,97,1,68.35,4,2,2,422,Loyal Customer
8099fadb07a30a0edd0ddd7f6045724f,310,1,47.62,2,2,1,221,Potential Customer
80a4e774050223dd467a7d514862b986,293,1,76.66,2,2,2,222,Potential Customer
80bbbe390ca6d4bbd1d21f50093e2a34,433,1,401.45,1,2,4,124,At-Risk Customer
80c0276f1c674e7b026d5a39799afaa4,230,1,65.71,3,2,2,322,Loyal Customer
812ae5f51087e46a1c491e95d3baf5e6,95,1,52.58,4,2,1,421,Loyal Customer
8130aff1c0475cddc4945c24074dff66,576,1,60.99,1,2,1,121,At-Risk Customer
821ed4f4420cc9916a15dc29515ec0de,169,1,75.56,3,3,2,332,Loyal Customer
824841f5112b77c04e832f5a46c2d733,218,1,368.11,3,3,4,334,VIP Customer
824e5cf114970042935600c0dc0c46de,316,1,108.86,2,3,3,233,Potential Customer
82bf93cbbee8b49bd07234625addbd83,41,1,66.47,4,3,2,432,Loyal Customer
82ccacbefc4bf6143a989f42785134b4,311,1,600.43,2,3,4,234,Potential Customer
82dd196b2b5b57785945aa2f471a35f9,77,1,65.1,4,3,2,432,Loyal Customer
83372d4453070723f0f31b01c8260993,461,1,74.03,1,3,2,132,At-Risk Customer
83fc8ba0daca8fd0ec1524c52e5c40e0,418,1,70.76,1,3,2,132,At-Risk Customer
85656b4b0f9caf3178455f3abff2b142,405,1,230.83,1,3,4,134,At-Risk Customer
85e5ae9b7c9b84a5c2939086011e1f76,173,1,54.78,3,3,1,331,Loyal Customer
863c3f24261f7f0b1a300894d650b299,260,1,63.1,3,3,1,331,Loyal Customer
864b6e5515568a915e535a341c973ec8,363,1,412.52,2,3,4,234,Potential Customer
86538da58e1e43ea22d93b6fc3c8ac1f,212,1,135.49,3,3,3,333,VIP Customer
86dd58b3189747a15712e95a52fb7946,576,1,85.6,1,3,2,132,At-Risk Customer
870ae28f999c5deb65108159a259e504,606,1,230.57,1,3,4,134,At-Risk Customer
87ca5da35d1391b71529cd0203f45f26,405,1,271.54,1,3,4,134,At-Risk Customer
87ebe28d6ac91b1fdc8c272f17d069c1,195,1,154.58,3,3,3,333,VIP Customer
8880f6287b06f77a5a03afbb32351be1,430,1,77.57,1,3,2,132,At-Risk Customer
888b89909b823773e3a9676f72cbdc2a,70,1,122.01,4,3,3,433,VIP Customer
88d9faee23bcd101ae15648770a10e88,102,1,265.53,4,3,4,434,VIP Customer
88f04ea3afd3db4885798c9f23d42014,297,1,133.56,2,3,3,233,Potential Customer
8912fc0c3bbf1e2fbf35819e21706718,326,1,275.79,2,3,4,234,Potential Customer
892a57422d5ac192f783945dd2aadaeb,60,1,128.89,4,3,3,433,VIP Customer
894337b29433786ec770ef5bf5475cba,241,1,45.0,3,3,1,331,Loyal Customer
89a9dfe145aa47ad5e572ed886e18ba6,108,1,83.47,4,3,2,432,Loyal Customer
89f482330f47b52829093078d2d0aa92,362,1,338.48,2,3,4,234,Potential Customer
89fe1107a7a7a8e70a256454d3da5335,61,1,22.29,4,3,1,431,Loyal Customer
89ff417fc7831dcf69332bb5945e5a83,567,1,119.76,1,3,3,133,At-Risk Customer
8acb24dc82680660e0270890fd0b5a0b,429,1,148.19,1,3,3,133,At-Risk Customer
8bba7817c19c5fa590c8857669ade46a,48,1,104.31,4,3,3,433,VIP Customer
8c2c2843abb880842d1b6bd2fccab395,211,1,191.83,3,3,4,334,VIP Customer
8c3bae44fe68e44c6b16c120bf51456a,259,1,28.17,3,3,1,331,Loyal Customer
8c555e6b3106e278f1c88251226cdb48,270,1,97.74,2,3,2,232,Potential Customer
8cca8027af04a9c9bd04bd8c8e324ec3,151,1,59.22,4,3,1,431,Loyal Customer
8ce176ffdf9acce55dd2f84721589692,308,1,155.73,2,3,3,233,Potential Customer
8ce2db78e5141c5ffd612b96da4043b9,294,1,51.09,2,3,1,231,Potential Customer
8ce5a8335c77debad7537ff999efeb8e,324,1,84.77,2,3,2,232,Potential Customer
8d3051d40086f3777d72074bdc4a2036,463,1,37.84,1,3,1,131,At-Risk Customer
8d3a27792cc0e752502649b2d277c90b,505,1,58.27,1,3,1,131,At-Risk Customer
8dcedd46d066422dab5f38033456618f,122,1,77.8,4,3,2,432,Loyal Customer
8dea975d24eb60b0de4af2e1c8488944,310,1,71.15,2,3,2,232,Potential Customer
8defe1397196855efc5abc7f4a806bcb,380,1,32.0,1,3,1,131,At-Risk Customer
8e3b1bf0cf223b37529be8d1e951e0a6,67,1,235.7,4,3,4,434,VIP Customer
8e802aa92e088465b6a3cbb2a5188d5f,594,1,125.88,1,3,3,133,At-Risk Customer
8ebee0cc741eb27e8501e4b4e3c6422d,460,1,185.57,1,3,4,134,At-Risk Customer
8ec1004a0848f47f8a538b9b6ea7e0b4,191,1,89.96,3,3,2,332,Loyal Customer
8ef6bba5213cf13e716b0e72657c7118,432,1,47.35,1,3,1,131,At-Risk Customer
8f302a637b143fc801494806aaf35370,135,1,73.4,4,3,2,432,Loyal Customer
8f5fedc7ca7d912c79405b85f9d9299b,71,1,100.41,4,3,2,432,Loyal Customer
900ba4df9838bd25ef994e0483fefb49,52,1,197.55,4,3,4,434,VIP Customer
9035b9048ae02fc3b54e4f46e0cb9628,285,1,37.72,2,3,1,231,Potential Customer
9082e3ba2159eab131ecb540d6c3c08a,357,1,68.89,2,3,2,232,Potential Customer
9182ea36ab1a161d290631a23c642d56,426,1,84.14,1,3,2,132,At-Risk Customer
919032f506767422e7e288dfa4850c4a,469,1,57.8,1,3,1,131,At-Risk Customer
91ab603eecd2116962f5f9c2d61e9c4c,452,1,42.8,1,3,1,131,At-Risk Customer
91b9c73efce9cbe8c08f5211c1458761,363,1,560.02,2,3,4,234,Potential Customer
921681820f5576cab1551e570e6dc62d,557,1,185.74,1,3,4,134,At-Risk Customer
924d6470ea6beda5369225f276e6cd5b,172,1,175.1,3,3,3,333,VIP Customer
9298e21b96ed98849264062a27a76c63,329,1,146.68,2,3,3,233,Potential Customer
92aa8377d76dce02451719d307524fe7,342,1,103.55,2,3,3,233,Potential Customer
92f3760b26938983b3698e6d2559764a,78,1,38.04,4,3,1,431,Loyal Customer
93034a219e57f3dbd6ad0abf8eabb313,66,1,229.04,4,3,4,434,VIP Customer
9317b2bdc9f6a30c2429e462dc672e06,310,1,31.75,2,3,1,231,Potential Customer
933781c2fe801634beb7c62734cd40d9,216,1,167.39,3,3,3,333,VIP Customer
9376b063a94c859dc0ac58fadcb15902,195,1,103.92,3,3,3,333,VIP Customer
9379aa1c18e5838ac70d531dfa5505af,187,1,123.18,3,3,3,333,VIP Customer
9393ea60acdf05a4004483c3b7c24d77,143,1,95.81,4,3,2,432,Loyal Customer
93ad62fc1229e9099881648f34813706,587,1,66.13,1,3,2,132,At-Risk Customer
93bcaca0ba9906b15984025eb1ff7d06,327,1,55.62,2,3,1,231,Potential Customer
950068271820c29cafe329a8ac678b9d,88,1,113.27,4,3,3,433,VIP Customer
95be6558ef5d788291a4bfa88cb96b9b,110,1,86.67,4,3,2,432,Loyal Customer
95c149336929694fcd5da2490558f63d,372,1,114.74,2,3,3,233,Potential Customer
95e3388b5dcbb48857ce7d634e15ead3,427,1,183.64,1,3,4,134,At-Risk Customer
9683869125c8e2cd4c6681f7d0f5b91c,354,1,29.09,2,3,1,231,Potential Customer
96bb78ecaedef53ef3ac2745f906fe0f,248,1,327.55,3,3,4,334,VIP Customer
97664c4def96cf5c56c4cfc28c5062cf,411,1,63.27,1,3,1,131,At-Risk Customer
9773fbe7cf7d4d5ede531b9b71f3332e,322,1,39.7,2,3,1,231,Potential Customer
987e330d74e0482b2926096aa53470f7,399,1,385.81,1,3,4,134,At-Risk Customer
98b57da4f6372460e9bd54e2e4491e0b,390,1,1337.19,1,3,4,134,At-Risk Customer
98c6cbcc4341a06f0703f53a0f7a798e,202,1,177.14,3,3,3,333,VIP Customer
98c7401612b2e37d03037dc339d3ebc1,231,1,78.64,3,3,2,332,Loyal Customer
98eeb01403eb1df551462689e9b5897f,78,1,55.96,4,3,1,431,Loyal Customer
991810d1743b667dfccaf2b046d88a5a,215,1,72.73,3,3,2,332,Loyal Customer
99412ff66eabe1042d6ee2f1672929fb,222,1,125.18,3,3,3,333,VIP Customer
997070d4812561b1a8ededcbb6c2429e,213,1,55.52,3,3,1,331,Loyal Customer
9992dd6e05230ed6258a1e7fd24d34dc,92,1,118.98,4,3,3,433,VIP Customer
99c41b47a60d71e2e8949ac2a805674e,408,1,56.68,1,3,1,131,At-Risk Customer
9a509b4432a9ac9a3360fab57b64269b,306,1,24.68,2,3,1,231,Potential Customer
9a75b1179856777173ca2a8176bcd9f2,337,1,105.28,2,3,3,233,Potential Customer
9a8bbd66115e373f060351c2383b5fa0,577,1,30.27,1,3,1,131,At-Risk Customer
9ac5cdcba84c5425f84b159685728624,566,1,1648.64,1,3,4,134,At-Risk Customer
9b019db873f6ac74abb726288163456d,284,1,24.75,2,3,1,231,Potential Customer
9b190196ea7f4ca95c4f5f94a4bfddfd,330,1,168.3,2,3,3,233,Potential Customer
9b6de7a8f933729d506499252e96e884,371,1,64.0,2,3,2,232,Potential Customer
9b8e07760752cf403a944c5ef278be8f,340,1,53.1,2,3,1,231,Potential Customer
9babe15f3a8d05c3ae49e0e57faa9588,469,1,26.77,1,3,1,131,At-Risk Customer
9bca1f1ee89cfc3207037cc520ac5978,300,1,192.61,2,3,4,234,Potential Customer
9be414fa82e43d3fa9cea3b3cc00eae0,308,1,214.69,2,3,4,234,Potential Customer
9c085bb96a09d4c216879ee1d44582d4,52,1,90.73,4,3,2,432,Loyal Customer
9c58d0e1a56386c34bf6fbfb2a2b9128,309,1,155.73,2,3,3,233,Potential Customer
9d79415a4d0821d23b778a10755aa9c7,347,1,46.78,2,3,1,231,Potential Customer
9d8c01aab0d2735a5331ed317166cbd0,174,1,53.63,3,3,1,331,Loyal Customer
9d9ed8461ab0d39ca9950f78958114f1,354,1,821.35,2,3,4,234,Potential Customer
9dcae53ab538f590632153ae2554b1bc,166,1,44.13,3,3,1,331,Loyal Customer
9de4d816d8f902680ce581950b0a7eb7,265,1,25.84,3,3,1,331,Loyal Customer
9e1d60f744e20177e6c2b1062af5c97c,619,1,751.05,1,3,4,134,At-Risk Customer
9e43617117f81bfddf4b3ec7625752aa,377,1,165.7,2,3,3,233,Potential Customer
9e46cd038b5901d785b0f1c080cd3f22,150,1,193.0,4,3,4,434,VIP Customer
9ebe376b5d3f517c3d18461079c1cc4f,208,1,198.74,3,3,4,334,VIP Customer
a02eee6f48bfed375050accadda3756f,57,1,149.0,4,3,3,433,VIP Customer
a06fb9edb900bd169bfc40b348821ae4,342,1,35.1,2,3,1,231,Potential Customer
a0cd4bd67fe4b4ce0a75fc0e5defebf8,140,1,133.71,4,3,3,433,VIP Customer
a0dfd4423988ab0c24030a41e58774cd,166,1,77.97,3,3,2,332,Loyal Customer
a0f1252b8378182f65bc311788d25d0c,569,1,34.42,1,3,1,131,At-Risk Customer
a12365591fbc4f0ad1deaec3bef23605,233,1,428.25,3,3,4,334,VIP Customer
a17846ed33d62b0e48c6f07ce9132318,219,1,65.31,3,3,2,332,Loyal Customer
a315d6e7a55b81d0e0f794bb1e08b729,304,1,472.41,2,3,4,234,Potential Customer
a317ad435deb7beb5632846c5ffc9592,197,1,124.76,3,3,3,333,VIP Customer
a341731cfc9dd5db5a49fea0ac04f97b,390,1,30.02,1,3,1,131,At-Risk Customer
a3e787cc07eaef73b3bc59601867df94,187,1,56.39,3,3,1,331,Loyal Customer
a42fce0a9fe2e8ba2f7b2b0dbaa4b626,67,1,682.98,4,3,4,434,VIP Customer
a43a79dd4f99afae882ef0a2e89bc14e,256,1,87.64,3,3,2,332,Loyal Customer
a4469901a1b99d810329af218d154768,311,1,170.43,2,3,3,233,Potential Customer
a477a78d1d66bf544b48734476a03516,290,1,36.78,2,3,1,231,Potential Customer
a4a766ed0dc895e33d2f962b53a21e4e,249,1,214.83,3,3,4,334,VIP Customer
a544f53bd4ce0d11de2d68e3675ecfab,199,1,609.66,3,3,4,334,VIP Customer
a55b85ff2960e23e05447c3c371899b0,199,1,143.38,3,3,3,333,VIP Customer
a585bc2d80028318b3edc2347f3c4277,355,1,191.93,2,3,4,234,Potential Customer
a59b412d844d8ee85fe937ea21ec7c16,64,1,72.98,4,3,2,432,Loyal Customer
a5e6bf4ac91d2a0df7e87ad00f4b35b9,55,1,96.67,4,3,2,432,Loyal Customer
a5f4ce5c4e85ffdeec9c44b6da6288c1,229,1,78.71,3,3,2,332,Loyal Customer
a5f95b21855ece6f75ed48e39bdba34c,112,1,892.44,4,3,4,434,VIP Customer
a652e8919a5a67adb8d78792fb01f0c5,188,1,40.96,3,3,1,331,Loyal Customer
a665a1314241703415ff8050078a480b,276,1,115.05,2,3,3,233,Potential Customer
a684baa0a4970c9b74646295edfa2091,515,1,81.78,1,3,2,132,At-Risk Customer
a688dfb397b2185b971dde35c385ec7a,230,1,55.11,3,3,1,331,Loyal Customer
a7089cdfb6b910afd377368f3335b1e5,40,1,94.83,4,3,2,432,Loyal Customer
a7f2c8702670c3daa643060f32eba202,213,1,93.1,3,3,2,332,Loyal Customer
a82ab31ed80aa76d075e466fdbceddb8,167,1,89.91,3,3,2,332,Loyal Customer
a8356b1d42075858ff3c9b3a95e11190,177,1,172.19,3,3,3,333,VIP Customer
a88e515946bed4cbc70e9830044a7cb2,112,1,121.5,4,3,3,433,VIP Customer
a8b3d541a07fa18f40425defa788532a,61,1,260.5,4,3,4,434,VIP Customer
a96941aa31727872b3e6b1a5792bf3ea,42,1,106.73,4,3,3,433,VIP Customer
a9d2cabee2f5635cc509f78b1b48ce47,179,1,96.55,3,3,2,332,Loyal Customer
a9e5f310be41efa00690d727bf672cab,290,1,148.18,2,3,3,233,Potential Customer
aa154dbe6fa58ff5b8dc04278934f841,441,1,354.59,1,3,4,134,At-Risk Customer
aa3e69930a8912ca423373a6b5ac4f56,599,1,149.98,1,3,3,133,At-Risk Customer
aa86a2174dde0b98dce3fab52890ca9b,601,1,127.42,1,3,3,133,At-Risk Customer
aaa47fdb785f4c0707af8f2195eea941,206,1,74.36,3,3,2,332,Loyal Customer
aab6715af29cd442f1bcf8978d1dc4db,419,1,39.0,1,3,1,131,At-Risk Customer
ab330800338fa26477bf10f6773f538b,170,1,31.03,3,3,1,331,Loyal Customer
ab4e4f11610404b4184fb812e47bb0ed,100,1,112.77,4,3,3,433,VIP Customer
ab8844663ae049fda8baf15fc928f47f,417,1,83.69,1,3,2,132,At-Risk Customer
ad35def6d6e9fb6f4c678377fbf8843c,259,1,40.76,3,3,1,331,Loyal Customer
ad9ad1bbc3ec168f6d7e7e5637788fc3,66,1,443.77,4,3,4,434,VIP Customer
adc6fbf06bb6d3f2e94e627158d44948,132,1,151.97,4,3,3,433,VIP Customer
adcda79effeaa7398aba44f473e8aed8,56,1,56.07,4,3,1,431,Loyal Customer
adfdf9d6cc5472ac0df3d6cdc44f566a,350,1,187.53,2,3,4,234,Potential Customer
ae3a3a6fd9128d8617e2cb3a88a7598b,615,1,74.11,1,3,2,132,At-Risk Customer
ae3f264a566530ebaeb52b2cc1559b5e,439,1,214.03,1,3,4,134,At-Risk Customer
ae71b6eabceb10fc65bd4c7edb0b24a1,271,1,92.57,2,3,2,232,Potential Customer
ae8114bdde5d84caebb6e3a3a74a0c03,554,1,93.04,1,3,2,132,At-Risk Customer
af189c7154bf7cd83ae87e7c7c43a6b9,265,1,84.72,3,3,2,332,Loyal Customer
af20e4d9bc9c5a59eca2afb75030eb4a,461,1,216.8,1,3,4,134,At-Risk Customer
af3b1412013a9f8a5dd51d610427f847,126,1,1036.74,4,3,4,434,VIP Customer
afd087e97215a023e1b25a1d3b820218,168,1,224.7,3,3,4,334,VIP Customer
afddd76d1457bf3429973d37105f7aef,39,1,34.58,4,3,1,431,Loyal Customer
b012fad340eb3e8c7d7b2b193be76831,358,1,174.68,2,3,3,233,Potential Customer
b02da23939473035247493e441118d56,362,1,647.54,2,3,4,234,Potential Customer
b0962d2b8c090ec26077939595a5b00a,196,1,47.03,3,3,1,331,Loyal Customer
b0da2ef21288c6af3939878c7bdd63ce,464,1,76.88,1,3,2,132,At-Risk Customer
b1d878bd985be25da3e8661e49f79319,351,1,106.16,2,3,3,233,Potential Customer
b206d6bd13d979abe18b116225e551d2,213,1,130.45,3,3,3,333,VIP Customer
b2f1d78b0558b84fa2260d71a7a36850,253,1,214.44,3,3,4,334,VIP Customer
b2f83ff904c51add8370e2d197734831,310,1,195.1,2,3,4,234,Potential Customer
b37833a9166ac98f4ad7d6a92e1f97f2,194,1,175.08,3,3,3,333,VIP Customer
b39cc466a30b1b0b60c6a3e311ce255f,230,1,106.02,3,3,3,333,VIP Customer
b498c982e3f7163502774d5d250b59d7,104,1,18.29,4,3,1,431,Loyal Customer
b4d6740dc65324242332aea664f707f3,154,1,318.97,4,3,4,434,VIP Customer
b504fe42a7d664cad29f108299f51629,346,1,178.81,2,3,3,233,Potential Customer
b508f17766dbf8744877880acaf0be4c,275,1,157.35,2,3,3,233,Potential Customer
b5b5184afc7e70a0ef42d21d2897c8eb,91,1,145.22,4,3,3,433,VIP Customer
b5d131af7951f37c72c8439e2eb9bf0b,176,1,352.02,3,3,4,334,VIP Customer
b6c89cb292299e574ed60db07369bfb4,294,1,62.59,2,3,1,231,Potential Customer
b6dac2712e2f2441f14582d81cf07a4f,174,1,68.32,3,3,2,332,Loyal Customer
b799a602477d0a77304a0bd00af1d804,69,1,234.15,4,3,4,434,VIP Customer
b7b87d3282571fd06f494f2e5d7218bf,382,1,73.34,1,3,2,132,At-Risk Customer
b7d4c9cf150b66854922a7a1d064f56d,104,1,34.94,4,3,1,431,Loyal Customer
b7e657b12cba6b628653085d819ba8ed,147,1,104.97,4,3,3,433,VIP Customer
b7f840ef94a2311ac205dce9a1aac7bc,480,1,393.76,1,3,4,134,At-Risk Customer
b80ecede4483f7ca92378b5b0903bb6e,265,1,205.76,3,3,4,334,VIP Customer
b93db111b138592c3eea5e533f49e41e,581,1,34.42,1,3,1,131,At-Risk Customer
b940eb430a669d018ef1d9e457bda1b2,577,1,136.05,1,3,3,133,At-Risk Customer
b967238a0fe0ef52fdd75b99f50ffde9,232,1,40.09,3,3,1,331,Loyal Customer
b96e965aed0114174a389c1fa1b0bad1,50,1,30.06,4,3,1,431,Loyal Customer
b9da8d7c15ee88614c923e2c23313166,375,1,69.14,2,3,2,232,Potential Customer
ba0ff1667f88b3a0da55d80dff50b0fb,200,1,179.0,3,3,3,333,VIP Customer
ba5642b730704dc0f74b7cf715b41ed5,49,1,184.68,4,3,4,434,VIP Customer
ba7cbc60652099c65651fec5fef9d685,213,1,24.0,3,3,1,331,Loyal Customer
ba819aec7d70f984272d9fa3c3475787,387,1,319.37,1,3,4,134,At-Risk Customer
babed1605e2a7a9f20d4038f6d527ed5,349,1,881.45,2,3,4,234,Potential Customer
bb161d1bf200ae7f95379a2fa7ab0aa9,148,1,20.29,4,3,1,431,Loyal Customer
bb90f8e1cc3d574742b5ece8076459dd,44,1,94.74,4,3,2,432,Loyal Customer
bbf6fab2824ab87e88fbeb4b9af257cf,289,1,75.17,2,3,2,232,Potential Customer
bc7ff0e7c6d31fd59dbd5f70835b4696,190,1,36.39,3,3,1,331,Loyal Customer
bc9b377eea5541f00aebe8002dfdff15,544,1,101.28,1,3,2,132,At-Risk Customer
bcea0e501f387ea1941aff7b357c316d,396,1,1032.35,1,3,4,134,At-Risk Customer
bceaf8b12a79028075da3b7a36f1d6e7,518,1,72.27,1,3,2,132,At-Risk Customer
bcefe912479b03d74d270a7f707a4fca,561,1,89.07,1,3,2,132,At-Risk Customer
bd07f957967b0f67e147585478c3f2c0,159,1,62.96,4,3,1,431,Loyal Customer
bd516d2e7c44800e3f593cce2d0fedf6,318,1,51.0,2,3,1,231,Potential Customer
bdb7900162ab12a8d513a360dbca93d1,51,1,58.19,4,3,1,431,Loyal Customer
bdf5201a85adc11a3881a5e1ffab102c,164,1,110.55,3,3,3,333,VIP Customer
be42f75f109a91a62d487847c82d7eaa,137,1,175.94,4,3,3,433,VIP Customer
be727cb4f334f5d737a6cd88c4347acb,69,1,106.3,4,3,3,433,VIP Customer
be86627bd51be1f543e75f01a3c89acd,502,1,92.1,1,3,2,132,At-Risk Customer
be8e1d862fb63fadec701434deb1b148,110,1,156.87,4,3,3,433,VIP Customer
beabad0a90f659fbd73b571183bab1ec,419,1,117.0,1,3,3,133,At-Risk Customer
beb421e885257679e07816ac5aa8bffb,154,1,83.32,4,3,2,432,Loyal Customer
beb9271894cf44c6d9997233fdcc9603,226,1,342.94,3,3,4,334,VIP Customer
bf532369897b190d91ddb2cea7491a54,207,1,85.05,3,3,2,332,Loyal Customer
bfa36949d512d454d7b70146ecc863a4,390,1,34.96,1,3,1,131,At-Risk Customer
bfa622c5b6ee7f16225494a05952cb73,312,1,85.14,2,3,2,232,Potential Customer
c0a56dec29214ca8e10a81ae440b6c5a,353,1,33.09,2,3,1,231,Potential Customer
c0a599a259226219c1ea0d3b8821ca54,162,1,386.46,3,3,4,334,VIP Customer
c0b26a6527a4d597ef2e53f706d83439,286,1,238.69,2,3,4,234,Potential Customer
c0e7850f2d41cabcf4ead28d94ccdd66,184,1,293.4,3,3,4,334,VIP Customer
c105db9a70cec07612fdea08fc14513d,571,1,35.42,1,3,1,131,At-Risk Customer
c169f24f4c8aa4c97dac45a35ca0fdf1,152,1,222.04,4,3,4,434,VIP Customer
c17a0046142969fea0916761156c6806,114,1,32.99,4,3,1,431,Loyal Customer
c267e32fea07ffc4d9d388d44c4106c7,561,1,35.84,1,3,1,131,At-Risk Customer
c2abbbcf884e62c3e59e30777cc11320,336,1,36.35,2,3,1,231,Potential Customer
c2b189b3302f679b82b0ebb778292f0c,95,1,123.49,4,3,3,433,VIP Customer
c2c9579c45a61a254b8a2b4892c87363,307,1,21.1,2,3,1,231,Potential Customer
c2cefab2637982f1c387a98842fde391,328,1,61.07,2,3,1,231,Potential Customer
c3225d954016edd53a5c08e01888dab0,342,1,50.82,2,3,1,231,Potential Customer
c329b3a16b13d583e13daa8a840f7193,503,1,51.0,1,3,1,131,At-Risk Customer
c33c19eea4404b369fca569a72a7b35f,89,1,923.97,4,3,4,434,VIP Customer
c3537eef72f2b883b3cbc75b1b9480b5,259,1,85.8,3,3,2,332,Loyal Customer
c410a7c853f6e6e45099def1d61a4644,122,1,125.04,4,3,3,433,VIP Customer
c4294894c16e414384e2ecfa9c70206a,109,1,244.8,4,3,4,434,VIP Customer
c44422babe212ae76af23f84780bde04,371,1,100.86,2,3,2,232,Potential Customer
c4f7b469a14eb388cb8284c6228c17fd,68,1,106.82,4,3,3,433,VIP Customer
c5761e080ba22e9bb19972bd1d3901a3,571,1,68.7,1,4,2,142,At-Risk Customer
c5f4ce605da5d44c9875033dec0fa326,212,1,44.62,3,4,1,341,Loyal Customer
c64e6cd99ad2fafbb731fb38d4f17ca6,160,1,794.46,3,4,4,344,VIP Customer
c681ee0e01f73086435bbcc30cc1dc6f,120,1,398.84,4,4,4,444,VIP Customer
c6ed2d5ce85536b556812f7679cf4658,215,1,74.17,3,4,2,342,Loyal Customer
c7432c6d237ffd6aa36a007b4237ec38,120,1,124.5,4,4,3,443,VIP Customer
c761ebec64b4f7a47b094442b3dbfe0d,600,1,149.0,1,4,3,143,At-Risk Customer
c769d261fe94fe9791db6a2ec569efd9,122,1,62.69,4,4,1,441,Loyal Customer
c7e79ac0034b4accdb78aa403ba6f68c,612,1,47.02,1,4,1,141,At-Risk Customer
c80e048ea4382bc53e00921d38632175,511,1,133.76,1,4,3,143,At-Risk Customer
c83ceef725175bc8789fd9b820098b08,303,1,66.01,2,4,2,242,Potential Customer
c845abb0677b86ddd8f3a9f48d6f09fa,215,1,558.43,3,4,4,344,VIP Customer
c863c811a63c25c93715a68f6df28ac3,173,1,75.29,3,4,2,342,Loyal Customer
c8ea458f86241a133acb4d7ebad9a915,201,1,67.85,3,4,2,342,Loyal Customer
c9573cc1e246dadca50b2a74f795def3,255,1,55.63,3,4,1,341,Loyal Customer
c96df6d3deff85d63641900cc83bd2e4,260,1,173.77,3,4,3,343,VIP Customer
c986404d6cdb4c44f42b32e11f5b4296,294,1,94.4,2,4,2,242,Potential Customer
c9a7dfbc6fbf3b5099015fd9cd288435,159,1,289.83,4,4,4,444,VIP Customer
c9e1bf85960698190ad550557fa852d3,512,1,125.42,1,4,3,143,At-Risk Customer
ca150f7080297fcc2977fc1bd5fa2bf1,305,1,114.45,2,4,3,243,Potential Customer
ca689f1368cccb30e961e9c9a525fa21,191,1,128.25,3,4,3,343,VIP Customer
cad2dc8d82cd9ccca487589a7fe62e6c,147,1,49.09,4,4,1,441,Loyal Customer
cafc7a4213e990eb268de2f8d0095948,71,1,68.44,4,4,2,442,Loyal Customer
cb6967ba89bf0c0146e4cb9eeb5b440d,411,1,128.01,1,4,3,143,At-Risk Customer
cba07d9fe812b56f21ff8b4b72cb121c,282,1,330.7,2,4,4,244,Potential Customer
cc0b5421d4eee8e67ccdb7cf2c68e44d,403,1,87.61,1,4,2,142,At-Risk Customer
cc520e111caf2d8356003f5814dfb2f4,418,1,192.66,1,4,4,144,At-Risk Customer
cc8b1556b283b7fcc7b5ae2106a99eee,46,1,86.04,4,4,2,442,Loyal Customer
cc8d0dbf061c92f65ecad9e3966d9ce2,200,1,40.29,3,4,1,341,Loyal Customer
cc9e69978aa877c0442093a193254a67,601,1,1367.23,1,4,4,144,At-Risk Customer
ccab16a93f386fab2c64bdaf71cbe1e2,494,1,1273.16,1,4,4,144,At-Risk Customer
ccc9f4665a052c90def8b7604384c6f2,237,1,27.68,3,4,1,341,Loyal Customer
ccd522d435c739999d81c22b58f4b2fb,386,1,206.08,1,4,4,144,At-Risk Customer
ccfd6c83ab3b2f74a9e88c90e4a52375,381,1,73.34,1,4,2,142,At-Risk Customer
cd4e634c58edf9148d05231458140fb6,216,1,244.95,3,4,4,344,VIP Customer
cdd203a140fbf5320bd06b0aa17aba3b,226,1,96.72,3,4,2,342,Loyal Customer
cdd33d0b02c81a178d88dfbc1ed9f0af,310,1,118.1,2,4,3,243,Potential Customer
ce40914475f12c24e87e57bca904be45,378,1,196.26,1,4,4,144,At-Risk Customer
ce57d3c9775ce4934c368865113e94a7,302,1,17.77,2,4,1,241,Potential Customer
ce5adc4a6936d649dc3c0757303dba08,297,1,82.19,2,4,2,242,Potential Customer
cebc1cff5b31ee0ce570b98626a89dc9,219,1,236.97,3,4,4,344,VIP Customer
cef7f153f7fb65e2076d6f15e7f58f55,479,1,53.37,1,4,1,141,At-Risk Customer
cfd124ffe38534e2575f94a6e1b9dd60,452,1,75.62,1,4,2,142,At-Risk Customer
cfe2274c73c9048dae0c6708138ddb47,526,1,46.42,1,4,1,141,At-Risk Customer
cfec05b8c098a72ba2db50395843abdb,57,1,87.47,4,4,2,442,Loyal Customer
d08010b90306a39765dc8ea6b95c7d0f,302,1,41.0,2,4,1,241,Potential Customer
d097afda041bfccfec121cf5b4b5b11e,301,1,150.39,2,4,3,243,Potential Customer
d0f3f691b729cd317bc9284b0c0c2fbc,55,1,47.44,4,4,1,441,Loyal Customer
d134fb2706c33e5677f2f9995014dae4,297,1,174.13,2,4,3,243,Potential Customer
d1620e380ac9119df0c9af90121f7fd3,199,1,65.22,3,4,2,342,Loyal Customer
d16bcf0555e8a602f65c56993ee91b51,345,1,35.0,2,4,1,241,Potential Customer
d16d0af538e904235b4e054ac80bbf91,242,1,177.39,3,4,3,343,VIP Customer
d1957303e38faeb5118629ad84024cba,176,1,322.85,3,4,4,344,VIP Customer
d197a95f50264651f6bfda48051ff614,237,1,89.67,3,4,2,342,Loyal Customer
d1aa5ebfc5c16caf331b1f4a1788b998,301,1,48.34,2,4,1,241,Potential Customer
d1f8f612e6392284c50933ccee7966db,307,1,36.01,2,4,1,241,Potential Customer
d20bb6bc2efe556cf5222d6b177cbbb4,292,1,50.59,2,4,1,241,Potential Customer
d29b5283a43b3329d02a723d440fc35d,245,1,70.91,3,4,2,342,Loyal Customer
d2d0c24e073cb688382000972536c1e2,495,1,131.47,1,4,3,143,At-Risk Customer
d2ee19af0e1f9c75e2a4f19a475980d6,478,1,188.45,1,4,4,144,At-Risk Customer
d31d9ee6ccc7152f0782b24bc5570add,66,1,115.91,4,4,3,443,VIP Customer
d33b250cb9b08d63736d711cad71cc52,419,1,98.23,1,4,2,142,At-Risk Customer
d34d8be2d14d57f7e03555eb3cb3d956,74,1,72.58,4,4,2,442,Loyal Customer
d3780cde743cdf0aaab988d388b0e38c,68,1,110.58,4,4,3,443,VIP Customer
d393b9491df482cf448e60aa9955b7f2,451,1,116.36,1,4,3,143,At-Risk Customer
d4c547df5739177e4e0b58fbf2004186,289,1,243.45,2,4,4,244,Potential Customer
d4d3ce7e6e51f287f5c2d896b0b07bae,65,1,18.29,4,4,1,441,Loyal Customer
d516b3d67e888a60101647dc1c73edad,212,1,88.06,3,4,2,342,Loyal Customer
d581eb6d9fd28fab7f1e4b19989f490d,308,1,77.66,2,4,2,242,Potential Customer
d5fcef627cc1c204baa4449ec165a48d,56,1,82.35,4,4,2,442,Loyal Customer
d6bcb58cf4ddb4688e8ff3adfd7b1458,255,1,226.14,3,4,4,344,VIP Customer
d722ad7d2867ec257ed3d62603da4744,537,1,141.1,1,4,3,143,At-Risk Customer
d7288a6538f2639b5916c4337eaebe09,165,1,67.88,3,4,2,342,Loyal Customer
d78521153aeb150f08bf0ddb3cfcba84,48,1,135.04,4,4,3,443,VIP Customer
d80cf26503d6c62c4f520e54a88f713b,231,1,96.22,3,4,2,342,Loyal Customer
d81c2387e7b183f1a0b3f94a181fd859,327,1,238.79,2,4,4,244,Potential Customer
d81c79479192992a07033707560d6598,81,1,224.02,4,4,4,444,VIP Customer
d828aa60b62d1ef598c2f7c75e7dfe0b,281,1,88.08,2,4,2,242,Potential Customer
d86a7f223ce234dbeb9b8a43e492d4a1,517,1,246.79,1,4,4,144,At-Risk Customer
d87d1c08c59e86ce55b5a78f368898d1,311,1,426.01,2,4,4,244,Potential Customer
d8d10d6a6b386cd6bb3b70190511f3fe,316,1,42.69,2,4,1,241,Potential Customer
d99a2c8000e14e11c6cf41a2352a9e91,119,1,1322.69,4,4,4,444,VIP Customer
d9b4a26e122e830decf445a401ff0506,479,1,171.85,1,4,3,143,At-Risk Customer
d9b79c5c0367faa77e4be9cff715e36b,426,1,27.38,1,4,1,141,At-Risk Customer
d9ba2a5674d8261aeceb564ea6269927,308,1,37.12,2,4,1,241,Potential Customer
d9cccfd1f0263ed3801c621a7a63b8ce,161,1,30.29,3,4,1,341,Loyal Customer
da181e0b77b202c246e47de9c723ddf9,72,1,44.58,4,4,1,441,Loyal Customer
da58a1b4746c306cd736bec85eb02118,248,1,52.68,3,4,1,341,Loyal Customer
dafe240fa4132e5da366caf9f6f9caaf,52,1,422.48,4,4,4,444,VIP Customer
db0072e38b76f443b261b1bedc0b1f99,142,1,647.0,4,4,4,444,VIP Customer
db0515d79eb9bc8b1244b6acb3a338ea,310,1,75.16,2,4,2,242,Potential Customer
db56963929040d06bd7bdb35d3f66883,218,1,75.65,3,4,2,342,Loyal Customer
db59c47f100c554beb2fdf19d892b32a,255,1,248.38,3,4,4,344,VIP Customer
db6331ea477ade9eb6cef50909c93230,244,1,102.72,3,4,2,342,Loyal Customer
db8940226b1578796307372dc00fef20,146,1,71.06,4,4,2,442,Loyal Customer
db8d12f33acf6a08a434eda169d25106,164,1,110.99,3,4,3,343,VIP Customer
dc568c24cf5f6ba6691a0514893967af,450,1,118.17,1,4,3,143,At-Risk Customer
dcd82b51ed72861d202f5dc8b3ac8a19,154,1,117.27,4,4,3,443,VIP Customer
dcd8cf51c37cad018c9281d823889da8,210,1,85.62,3,4,2,342,Loyal Customer
dd2b7f0078263ec60c5bb1eee112e330,50,1,133.93,4,4,3,443,VIP Customer
dd2e783f6686ebbe2c6872a310044dd3,189,1,292.2,3,4,4,344,VIP Customer
dd366840d2ab4e9287b864bd051196ed,505,1,105.28,1,4,3,143,At-Risk Customer
dd5fe640c8c5edd9fa2acdad4be7d4bd,339,1,161.77,2,4,3,243,Potential Customer
ddc305318969c71969b82bd97a1d1560,285,1,55.24,2,4,1,241,Potential Customer
de10ff4100545d244951898150f9aad1,99,1,209.33,4,4,4,444,VIP Customer
de58a2005b3c3a659af894c10d046399,151,1,311.88,4,4,4,444,VIP Customer
dea2f5dfb7067437f99c9790d190ebbb,384,1,70.14,1,4,2,142,At-Risk Customer
deb7123f2e2f5e7e0997e3af67d058d0,126,1,89.46,4,4,2,442,Loyal Customer
deba7800cadd368aa9a7fb477f78864e,168,1,216.54,3,4,4,344,VIP Customer
df370448e03b2b90e437d02b2c6a19f5,298,1,47.59,2,4,1,241,Potential Customer
df61d60f81e02f1c9360b1dce03778f1,46,1,85.49,4,4,2,442,Loyal Customer
dfea71c7e09469934ffa20c38024d275,140,1,209.2,4,4,4,444,VIP Customer
e00cd6b2b1b0bd04a6813359a2698380,442,1,69.36,1,4,2,142,At-Risk Customer
e07ceb7f54b6fd99d3443aaf50c6dd9e,279,1,50.63,2,4,1,241,Potential Customer
e0fcf37333b29f0b97e8af045f8efb52,224,1,109.18,3,4,3,343,VIP Customer
e10996551bb1897b97c37e1f771e34af,614,1,63.67,1,4,2,142,At-Risk Customer
e183c0716e28ed5302eb1a3bf6d316b0,99,1,46.54,4,4,1,441,Loyal Customer
e1b2d840883b2b226dfba263ebdbfed5,240,1,87.64,3,4,2,342,Loyal Customer
e221c5326af90a53996f0e997deb2371,584,1,130.84,1,4,3,143,At-Risk Customer
e25778ef22bc9a95b7b57e0d133ba1af,311,1,148.06,2,4,3,243,Potential Customer
e277b8e4745cacd511e18bd6d7686227,311,1,616.94,2,4,4,244,Potential Customer
e28087daa16ea2d4ef377fd789af20b4,249,1,53.3,3,4,1,341,Loyal Customer
e3b91047e6ca3f5e8b656750fa3d61b2,113,1,110.41,4,4,3,443,VIP Customer
e450a297a7bc6839ceb0cf1a2377fa02,33,1,73.1,4,4,2,442,Loyal Customer
e49f2a7ff5c2a15d3b599d50a7a77a91,218,1,57.43,3,4,1,341,Loyal Customer
e4becc9eb42bca5ecc23cf5f5955e1dc,234,1,155.14,3,4,3,343,VIP Customer
e4e4549de3fcdc34ca36d2c96f85321e,474,1,27.77,1,4,1,141,At-Risk Customer
e558a99543d50f390898597de98fd6a9,417,1,143.93,1,4,3,143,At-Risk Customer
e57ad40af961e5012b7c863a582d16db,474,1,53.01,1,4,1,141,At-Risk Customer
e589a8bbf2391c4a76e74041c646dec8,137,1,591.54,4,4,4,444,VIP Customer
e5a91a4de75365c5a020bf937b52dc77,170,1,387.37,3,4,4,344,VIP Customer
e5c49220ea97eddff8b1fbb594913a43,373,1,83.59,2,4,2,242,Potential Customer
e643215d64e8d8f969804bfdc98e50f1,372,1,35.4,2,4,1,241,Potential Customer
e64941affe5c05c4ac39ad03d69f8342,454,1,37.68,1,4,1,141,At-Risk Customer
e66d33cb50becd445c9a52eeee37adbf,262,1,205.4,3,4,4,344,VIP Customer
e68de27b72357e93a5edbf9068812f9c,581,1,46.99,1,4,1,141,At-Risk Customer
e6b233097521bf30700128ee0c424a5f,192,1,405.14,3,4,4,344,VIP Customer
e761fa60706c9383584a879dadec7d64,50,1,94.76,4,4,2,442,Loyal Customer
e779303d9317edc7bce9f584ccaa59e3,166,1,53.9,3,4,1,341,Loyal Customer
e7aec94ccc558cd76a77a8a64ba60f52,308,1,112.3,2,4,3,243,Potential Customer
e7b96e5c330f63125f06f075bd8ede22,268,1,61.45,2,4,1,241,Potential Customer
e808442ade9d84c082db6c3fa005c8fb,421,1,77.57,1,4,2,142,At-Risk Customer
e8122329558a42bd29d84ed6432cefe4,146,1,221.78,4,4,4,444,VIP Customer
e815a1228ed484c069943e1fbcb2ec60,46,1,169.39,4,4,3,443,VIP Customer
e84608e3babe2d06427e6ce76335268c,137,1,33.45,4,4,1,441,Loyal Customer
e8485a5f227526d51e565b4d02cfef67,138,1,56.7,4,4,1,441,Loyal Customer
e85651194748aaf0f1a4703d6658e7d9,284,1,51.84,2,4,1,241,Potential Customer
e88cc8cbff5f53b1b1e00812ee916642,341,1,128.02,2,4,3,243,Potential Customer
e8a45e0dc990d5f668877abe22e2db2e,53,1,156.7,4,4,3,443,VIP Customer
e8c09dff0635a09514761a21369d9c88,583,1,151.05,1,4,3,143,At-Risk Customer
e8d272f5edf25b4c9b3ef7d66ca2688c,305,1,47.38,2,4,1,241,Potential Customer
e908b924226c39f055d910e21acdef87,252,1,210.47,3,4,4,344,VIP Customer
e91d82bbb0f6fd7e6e30511456357ce1,480,1,590.72,1,4,4,144,At-Risk Customer
e93a01a8ad2d943db17fa596e51d93cc,94,1,183.92,4,4,4,444,VIP Customer
e9cecf8cb178c26ebbe032e7836221da,183,1,162.83,3,4,3,343,VIP Customer
e9e2fd0dc6e825e6ba932afa33273551,99,1,197.96,4,4,4,444,VIP Customer
ea1c0ff2fd07d7ea71dd80d36697f3e1,580,1,124.44,1,4,3,143,At-Risk Customer
eaa860ad37779a36680e93d7d2b8b040,98,1,57.23,4,4,1,441,Loyal Customer
eab17001b1d7cde27c1f1234af12d4e6,182,1,314.04,3,4,4,344,VIP Customer
eaef21c024d74335f9cce35c9d96958d,122,1,158.76,4,4,3,443,VIP Customer
eb03682e1118b3af176b229932bfa8be,217,1,67.22,3,4,2,342,Loyal Customer
eb46549d630eae747fd8771f202bc1fe,208,1,109.78,3,4,3,343,VIP Customer
eb7d32b871d7e1d8f3dcce1aa4e095bd,375,1,75.08,2,4,2,242,Potential Customer
eba5d9240fe1c10851a9653595f90674,227,1,233.83,3,4,4,344,VIP Customer
eba9e6ca7e355d15e295fabf441d3f2b,409,1,66.23,1,4,2,142,At-Risk Customer
ebce6fc6a9bec43c687015788821a9e3,523,1,173.88,1,4,3,143,At-Risk Customer
ebe869e29b2fac730ab9d529fc2f8c17,53,1,109.72,4,4,3,443,VIP Customer
ebfe7f31f9c0f96c6e0ce986e77a1359,228,1,132.48,3,4,3,343,VIP Customer
ec367d9328f38ee210f6dce68c73f5b9,72,1,156.94,4,4,3,443,VIP Customer
ec6bd30783896fce1908161c537f69e2,263,1,496.89,3,4,4,344,VIP Customer
ecaf8b78eae12f33f091d9f34a0f6efe,204,1,157.74,3,4,3,343,VIP Customer
ecdb04ab71b746dfc341eba4f70fe64f,413,1,143.5,1,4,3,143,At-Risk Customer
ee3b4b2a37bfecd113a6095902de1b0e,424,1,61.8,1,4,1,141,At-Risk Customer
ee517d3a38e003aabc2dc2b08a0bc6fb,143,1,1843.85,4,4,4,444,VIP Customer
ee74cd7692f3590b03d7b8fbcdb18c44,363,1,91.18,2,4,2,242,Potential Customer
ee9f244fe735d376a5a7a755431cd494,357,1,92.8,2,4,2,242,Potential Customer
eeb1498af1ef1f5c9c612b6130298f66,309,1,215.56,2,4,4,244,Potential Customer
eec4a44316a2c73ef67187fad035a884,336,1,61.84,2,4,1,241,Potential Customer
efcc714754000a32cf586adddc9fcbe7,355,1,61.84,2,4,1,241,Potential Customer
efd6fec8f33c64ead2d675d6c953d397,461,1,23.27,1,4,1,141,At-Risk Customer
f0bb4efad51f4c443c8d80330dbb5bdb,186,1,32.23,3,4,1,341,Loyal Customer
f0d5523b9ed51af045208859d0aed744,549,1,62.7,1,4,1,141,At-Risk Customer
f11a663853dc243e55733d1fb954a8e3,519,1,251.82,1,4,4,144,At-Risk Customer
f19cfbd63ec9e260c89eaa4c2f732165,122,1,202.56,4,4,4,444,VIP Customer
f1b66f0324a631de414bc2bf62b5e915,100,1,26.79,4,4,1,441,Loyal Customer
f1bfdcd08a92feae90319538b67d7aa1,186,1,28.14,3,4,1,341,Loyal Customer
f1d2dccf40e047efb9b678cde4a123cc,308,1,85.92,2,4,2,242,Potential Customer
f1f213fc2d98543b4d7a34d72754f880,373,1,213.65,2,4,4,244,Potential Customer
f23ac6d166535aa8bda1167c6384951d,355,1,213.64,2,4,4,244,Potential Customer
f25f80e2caa76bc88369d6deb846f7e9,568,1,66.12,1,4,2,142,At-Risk Customer
f2ad615b9e352f08c5382d34ed55ce8b,311,1,201.04,2,4,4,244,Potential Customer
f2d18f78afede737e736f6aef5282bd9,105,1,347.31,4,4,4,444,VIP Customer
f2f5754aa54743f8b50ad65876ebffc7,483,1,87.03,1,4,2,142,At-Risk Customer
f3058b4aa542dc954401a9e11aada39f,227,1,96.32,3,4,2,342,Loyal Customer
f33b127cad2e1ad3d33db4df72ebd159,311,1,758.29,2,4,4,244,Potential Customer
f3721694bcec86501e4a19cf459d3b28,131,1,1013.59,4,4,4,444,VIP Customer
f3752fccfb8cc4e9383c875b00bff397,312,1,64.86,2,4,2,242,Potential Customer
f3875c080718c7e384875c4af4951afa,268,1,181.76,2,4,3,243,Potential Customer
f3f04ca677b9e1062c2a5fad64c046cf,173,1,184.59,3,4,4,344,VIP Customer
f3fc8d82cce28672798c9eb59ee15250,74,1,848.61,4,4,4,444,VIP Customer
f449fd9a4efcb0cea3b97c27c05bae01,101,1,340.47,4,4,4,444,VIP Customer
f47f3a8480b7a19fad8c129983945370,337,1,39.84,2,4,1,241,Potential Customer
f49404bab9efcd0823303fce9072098b,503,1,44.14,1,4,1,141,At-Risk Customer
f529a0fbe1ebd4622fb563b430cac7f5,304,1,167.52,2,4,3,243,Potential Customer
f5721b9d1b28be65390235aaf8576a30,116,1,89.36,4,4,2,442,Loyal Customer
f59a170a57d7888bb0757b74e7dc53d3,538,1,43.51,1,4,1,141,At-Risk Customer
f5ced6e0d7c20ef958cf5f9269f4287d,191,1,97.37,3,4,2,342,Loyal Customer
f5cf8c95dcda99dbe9c0cffe8d284751,468,1,91.16,1,4,2,142,At-Risk Customer
f5d02e908f5fe2c6c7f1207989c1b114,455,1,328.67,1,4,4,144,At-Risk Customer
f5fed6e05c524ba7fc9d4ac862d3ae88,323,1,43.78,2,4,1,241,Potential Customer
f61ea035ede911fc92ac92b1311f3a48,190,1,218.27,3,4,4,344,VIP Customer
f6a6da61725fe564836a8080f784b0b5,96,1,350.41,4,4,4,444,VIP Customer
f6a795133cf03ddb8785bae6a82825ed,118,1,36.69,4,4,1,441,Loyal Customer
f72019308430cb68b9846a32d37db6ed,181,1,238.07,3,4,4,344,VIP Customer
f72803d7329ae3529dd2dff0b97410cb,383,1,100.95,1,4,2,142,At-Risk Customer
f75c6622047fab3f5697e33b0a5c90b9,307,1,72.75,2,4,2,242,Potential Customer
f777873517b1bf70c51a2950e513acf6,121,1,117.26,4,4,3,443,VIP Customer
f827b1235c2146302af1327f4461957d,91,1,159.62,4,4,3,443,VIP Customer
f8a069c2a2ce5ac98d668ad6a7950cb8,223,1,212.7,3,4,4,344,VIP Customer
f90456a4a362936bedfe4f2aac7448eb,468,1,107.78,1,4,3,143,At-Risk Customer
f925c248cba4a2c048e952e13e06f61c,304,1,87.81,2,4,2,242,Potential Customer
f976a6aa7c97f6713c9b39e5bd74e04d,381,1,192.75,1,4,4,144,At-Risk Customer
f9875f2f61afb20ddd28aaa120620dd8,190,1,64.34,3,4,2,342,Loyal Customer
f995b47806abc810ec42ba29991175a9,544,1,407.02,1,4,4,144,At-Risk Customer
f9cad966a31db0ddfba78dfc680b1abb,326,1,46.78,2,4,1,241,Potential Customer
f9e23c14e5ab7352006f43521f84b3d5,536,1,171.69,1,4,3,143,At-Risk Customer
f9e600782b270dbc008106255da508dc,133,1,65.78,4,4,2,442,Loyal Customer
fa689a2e5dd5f3a3745cf1158e586c18,208,1,177.03,3,4,3,343,VIP Customer
fa9b3cd2e99e5241efe68dea5b19f1b0,111,1,224.1,4,4,4,444,VIP Customer
faf87906fb8802a80785bb04380c7608,78,1,172.16,4,4,3,443,VIP Customer
fbb704b2c1a3373c27c8a59d7d0d45f5,607,1,100.64,1,4,2,142,At-Risk Customer
fc2a209aa31f3e9d4df7bdb03137b67a,219,1,100.95,3,4,2,342,Loyal Customer
fc40066121281a5e32c5a0403292869b,288,1,49.17,2,4,1,241,Potential Customer
fd04bf849b36444f719850585a9b0e8a,420,1,74.16,1,4,2,142,At-Risk Customer
fd7bd7bf90e739374de93e267e197779,300,1,94.44,2,4,2,242,Potential Customer
fde364048c977271b875791b44442197,542,1,51.04,1,4,1,141,At-Risk Customer
fdfc52a03c18d8cef9aa5e39e9f18217,231,1,72.15,3,4,2,342,Loyal Customer
fdfd1ab3c8bf25fea789cfac3e746e13,98,1,24.78,4,4,1,441,Loyal Customer
fe10ffd8e45212b501b6f0753ef1e930,389,1,327.61,1,4,4,144,At-Risk Customer
fe19d605ec598aaf242f390f67ffbde3,199,1,213.75,3,4,4,344,VIP Customer
fe9db57b1fe84352125989acb12d3c68,172,1,266.5,3,4,4,344,VIP Customer
feba7fb74fbd42ad8797ac9346f33c9d,406,1,70.34,1,4,2,142,At-Risk Customer
ff321454b4ea8fda58a0d3a0ab2609cb,490,1,102.03,1,4,2,142,At-Risk Customer
fff3a5c6d542d52b05f7e4518adf996e,225,1,83.23,3,4,2,342,Loyal Customer
